{
  "NamedEntities": [
    {
      "NamedEntityType": "Regular",
      "SystemNamedEntityTypes": [],
      "Synonyms": [
        "Coat Cut",
        "Fur Trim"
      ],
      "Id": "d62ebea3-b38f-4ced-8f86-115b96c7d792",
      "DisplayName": "Basic Clip",
      "CreatedTime": "2020-08-04T07:52:42.9099404Z",
      "UpdatedTime": "2020-08-04T09:00:00.231776Z",
      "CreatedUserId": "81f17a88-e63e-458c-a3ac-3931f85aae8e",
      "UpdatedUserId": "81f17a88-e63e-458c-a3ac-3931f85aae8e"
    },
    {
      "NamedEntityType": "Regular",
      "SystemNamedEntityTypes": [],
      "Synonyms": [
        "Wash",
        "Shampoo"
      ],
      "Id": "8c1aa633-3d76-4da6-a502-9c9ce9f7f596",
      "DisplayName": "Bath & Blow Dry",
      "CreatedTime": "2020-08-04T07:52:42.9099404Z",
      "UpdatedTime": "2020-08-04T09:00:00.231776Z",
      "CreatedUserId": "81f17a88-e63e-458c-a3ac-3931f85aae8e",
      "UpdatedUserId": "81f17a88-e63e-458c-a3ac-3931f85aae8e"
    },
    {
      "NamedEntityType": "Regular",
      "SystemNamedEntityTypes": [],
      "Synonyms": [
        "Look after",
        "Drop Off"
      ],
      "Id": "a18ae7e8-3376-4e4f-8eb7-97ef87a9de82",
      "DisplayName": "Doggy Day Care",
      "CreatedTime": "2020-08-04T07:52:42.9099404Z",
      "UpdatedTime": "2020-08-04T09:00:00.231776Z",
      "CreatedUserId": "81f17a88-e63e-458c-a3ac-3931f85aae8e",
      "UpdatedUserId": "81f17a88-e63e-458c-a3ac-3931f85aae8e"
    },
    {
      "NamedEntityType": "Regular",
      "SystemNamedEntityTypes": [],
      "Synonyms": [
        "Nail Cutting",
        "Nail cut"
      ],
      "Id": "dfdd8bcd-c059-4a24-968f-c7197297ddc5",
      "DisplayName": "Nail Trim",
      "CreatedTime": "2020-08-04T07:52:42.9099404Z",
      "UpdatedTime": "2020-08-04T09:00:00.231776Z",
      "CreatedUserId": "81f17a88-e63e-458c-a3ac-3931f85aae8e",
      "UpdatedUserId": "81f17a88-e63e-458c-a3ac-3931f85aae8e"
    },
    {
      "NamedEntityType": "Regular",
      "SystemNamedEntityTypes": [],
      "Synonyms": [
        "Celebrations",
        "Weddings",
        "Fancy Dress",
        "Costume Party"
      ],
      "Id": "202138f7-ae62-4246-9356-ec98e23cb5bf",
      "DisplayName": "Special Events & Dress Up",
      "CreatedTime": "2020-08-04T07:52:42.9099404Z",
      "UpdatedTime": "2020-08-04T09:00:00.231776Z",
      "CreatedUserId": "81f17a88-e63e-458c-a3ac-3931f85aae8e",
      "UpdatedUserId": "81f17a88-e63e-458c-a3ac-3931f85aae8e"
    }
  ],
  "ClosedListTypes": [
    {
      "NamedEntities": [
        "d62ebea3-b38f-4ced-8f86-115b96c7d792",
        "8c1aa633-3d76-4da6-a502-9c9ce9f7f596",
        "a18ae7e8-3376-4e4f-8eb7-97ef87a9de82",
        "dfdd8bcd-c059-4a24-968f-c7197297ddc5",
        "202138f7-ae62-4246-9356-ec98e23cb5bf"
      ],
      "SmartMatchingEnabled": true,
      "CustomTypeSchema": "ClosedList",
      "Id": "new_customtype_c2503f37569348d483a59098c39e43a4",
      "DisplayName": "Pet Care Services",
      "Description": "Services offered by the clinic",
      "CreatedTime": "2020-08-04T07:52:42.9099404Z",
      "UpdatedTime": "2020-08-04T09:00:00.231776Z",
      "CreatedUserId": "81f17a88-e63e-458c-a3ac-3931f85aae8e",
      "UpdatedUserId": "81f17a88-e63e-458c-a3ac-3931f85aae8e"
    }
  ],
  "SystemIntentIds": {},
  "SystemVariableIds": {},
  "SystemNamedEntityIds": {}
}