{
  "Intents": [
    {
      "IntentType": "System",
      "SystemIntentTypes": [
        "StartOver"
      ],
      "TriggerQueries": [
        "start over",
        "restart",
        "let's begin again"
      ],
      "DialogId": "new_topic_343a0ee7009648be87df0f0e011ccda5_8a4964498f83424bb3a86295bf7d0952_startover",
      "IsTriggeringEnabled": true,
      "Id": "new_topic_343a0ee7009648be87df0f0e011ccda5_8a4964498f83424bb3a86295bf7d0952_startover",
      "DisplayName": "Start over",
      "Description": "System Intent Start Over",
      "CreatedTime": "2019-01-15T00:00:00",
      "UpdatedTime": "2019-01-15T00:00:00",
      "CreatedUserId": "user0",
      "UpdatedUserId": "user0"
    }
  ],
  "Dialogs": [
    {
      "RootNodeId": "c3e3eb0f-97b2-46ae-9f36-77f009b1152a",
      "DialogType": "System",
      "MessageNodes": [
        {
          "BotMessageId": "3e8423c4-876f-4834-aedf-741b2b817601",
          "NodeType": "BotMessageNode",
          "Id": "c3e3eb0f-97b2-46ae-9f36-77f009b1152a",
          "DefaultTargetNodeId": "0bbb332e-08fa-4e16-885d-005d869fd509"
        }
      ],
      "DialogChangeNodes": [
        {
          "TargetDialogId": "new_topic_343a0ee7009648be87df0f0e011ccda5_ba7b967c97ba4c39bca58a8bb6a72d59_conversationstart",
          "NodeType": "DialogChangeNode",
          "Id": "0bbb332e-08fa-4e16-885d-005d869fd509"
        }
      ],
      "Id": "new_topic_343a0ee7009648be87df0f0e011ccda5_8a4964498f83424bb3a86295bf7d0952_startover",
      "DisplayName": "Dialog for Start over",
      "CreatedTime": "2019-01-15T00:00:00",
      "UpdatedTime": "2019-01-15T00:00:00",
      "CreatedUserId": "user0",
      "UpdatedUserId": "user0"
    }
  ],
  "BotMessages": [
    {
      "ChannelContent": {
        "web": {
          "ContentFormat": "Markdown",
          "Content": "Ok, I'll start over."
        }
      },
      "Id": "3e8423c4-876f-4834-aedf-741b2b817601",
      "CreatedTime": "2019-01-15T00:00:00",
      "UpdatedTime": "2019-01-15T00:00:00",
      "CreatedUserId": "user0",
      "UpdatedUserId": "user0"
    }
  ],
  "SystemIntentIds": {},
  "SystemVariableIds": {},
  "SystemNamedEntityIds": {}
}