<botcomponent_workflowset>
  <botcomponent_workflow botcomponentid.schemaname="new_topic_737ce6e2e61d466f9bc4994f3a7b9d52" workflowid.workflowid="bd0acb75-67d1-ea11-a813-000d3a795fc7">
    <iscustomizable>1</iscustomizable>
  </botcomponent_workflow>
  <botcomponent_workflow botcomponentid.schemaname="new_topic_61464eda8bcb417494ff5b8bb887bae9" workflowid.workflowid="bd0acb75-67d1-ea11-a813-000d3a795fc7">
    <iscustomizable>1</iscustomizable>
  </botcomponent_workflow>
  <botcomponent_workflow botcomponentid.schemaname="new_topic_09001c8d1a72413cac9ee77101d9c15a" workflowid.workflowid="0edd77b5-96c5-ea11-a812-000d3a7945fb">
    <iscustomizable>1</iscustomizable>
  </botcomponent_workflow>
</botcomponent_workflowset>