<ImportExportXml version="9.1.0.19852" SolutionPackageVersion="9.1" languagecode="1033" generatedBy="CrmLive" xmlns:xsi="http://www.w3.org/2001/XMLSchema-instance">
  <SolutionManifest>
    <UniqueName>PetCare</UniqueName>
    <LocalizedNames>
      <LocalizedName description="PetCare" languagecode="1033" />
    </LocalizedNames>
    <Descriptions />
    <Version>1.0.0.1</Version>
    <Managed>0</Managed>
    <Publisher>
      <UniqueName>PetCare</UniqueName>
      <LocalizedNames>
        <LocalizedName description="PetCare" languagecode="1033" />
      </LocalizedNames>
      <Descriptions />
      <EMailAddress xsi:nil="true"></EMailAddress>
      <SupportingWebsiteUrl xsi:nil="true"></SupportingWebsiteUrl>
      <CustomizationPrefix>pet</CustomizationPrefix>
      <CustomizationOptionValuePrefix>28385</CustomizationOptionValuePrefix>
      <Addresses>
        <Address>
          <AddressNumber>1</AddressNumber>
          <AddressTypeCode>1</AddressTypeCode>
          <City xsi:nil="true"></City>
          <County xsi:nil="true"></County>
          <Country xsi:nil="true"></Country>
          <Fax xsi:nil="true"></Fax>
          <FreightTermsCode xsi:nil="true"></FreightTermsCode>
          <ImportSequenceNumber xsi:nil="true"></ImportSequenceNumber>
          <Latitude xsi:nil="true"></Latitude>
          <Line1 xsi:nil="true"></Line1>
          <Line2 xsi:nil="true"></Line2>
          <Line3 xsi:nil="true"></Line3>
          <Longitude xsi:nil="true"></Longitude>
          <Name xsi:nil="true"></Name>
          <PostalCode xsi:nil="true"></PostalCode>
          <PostOfficeBox xsi:nil="true"></PostOfficeBox>
          <PrimaryContactName xsi:nil="true"></PrimaryContactName>
          <ShippingMethodCode>1</ShippingMethodCode>
          <StateOrProvince xsi:nil="true"></StateOrProvince>
          <Telephone1 xsi:nil="true"></Telephone1>
          <Telephone2 xsi:nil="true"></Telephone2>
          <Telephone3 xsi:nil="true"></Telephone3>
          <TimeZoneRuleVersionNumber xsi:nil="true"></TimeZoneRuleVersionNumber>
          <UPSZone xsi:nil="true"></UPSZone>
          <UTCOffset xsi:nil="true"></UTCOffset>
          <UTCConversionTimeZoneCode xsi:nil="true"></UTCConversionTimeZoneCode>
        </Address>
        <Address>
          <AddressNumber>2</AddressNumber>
          <AddressTypeCode>1</AddressTypeCode>
          <City xsi:nil="true"></City>
          <County xsi:nil="true"></County>
          <Country xsi:nil="true"></Country>
          <Fax xsi:nil="true"></Fax>
          <FreightTermsCode xsi:nil="true"></FreightTermsCode>
          <ImportSequenceNumber xsi:nil="true"></ImportSequenceNumber>
          <Latitude xsi:nil="true"></Latitude>
          <Line1 xsi:nil="true"></Line1>
          <Line2 xsi:nil="true"></Line2>
          <Line3 xsi:nil="true"></Line3>
          <Longitude xsi:nil="true"></Longitude>
          <Name xsi:nil="true"></Name>
          <PostalCode xsi:nil="true"></PostalCode>
          <PostOfficeBox xsi:nil="true"></PostOfficeBox>
          <PrimaryContactName xsi:nil="true"></PrimaryContactName>
          <ShippingMethodCode>1</ShippingMethodCode>
          <StateOrProvince xsi:nil="true"></StateOrProvince>
          <Telephone1 xsi:nil="true"></Telephone1>
          <Telephone2 xsi:nil="true"></Telephone2>
          <Telephone3 xsi:nil="true"></Telephone3>
          <TimeZoneRuleVersionNumber xsi:nil="true"></TimeZoneRuleVersionNumber>
          <UPSZone xsi:nil="true"></UPSZone>
          <UTCOffset xsi:nil="true"></UTCOffset>
          <UTCConversionTimeZoneCode xsi:nil="true"></UTCConversionTimeZoneCode>
        </Address>
      </Addresses>
    </Publisher>
    <RootComponents>
      <RootComponent type="1" schemaName="msdyn_serviceconfiguration" behavior="1" />
      <RootComponent type="1" schemaName="systemuser" behavior="1" />
      <RootComponent type="60" id="{2aca4460-69c1-ea11-a812-000d3a7945fb}" behavior="0" />
      <RootComponent type="60" id="{c2413504-7eb2-4c59-a087-95d819866114}" />
      <RootComponent type="61" schemaName="pet_petcareappicon" behavior="0" />
      <RootComponent type="62" schemaName="pet_PetCare" behavior="0" />
      <RootComponent type="80" schemaName="pet_PetCare" behavior="0" />
    </RootComponents>
    <MissingDependencies>
      <MissingDependency>
        <Required key="0" type="1" schemaName="msdyn_serviceconfiguration" displayName="Pet Services" solution="msdynce_ServiceLevelAgreementExtension (9.0.20053.1005)" />
        <Dependent key="0" type="1" schemaName="msdyn_serviceconfiguration" displayName="Pet Services" />
      </MissingDependency>
      <MissingDependency>
        <Required key="1" type="60" displayName="User form – Business" parentDisplayName="Pet Carer" solution="msdynce_AppCommon (9.0.4.0066)" id="{c2413504-7eb2-4c59-a087-95d819866114}" />
        <Dependent key="1" type="60" displayName="User form – Business" parentDisplayName="Pet Carer" id="{c2413504-7eb2-4c59-a087-95d819866114}" />
      </MissingDependency>
      <MissingDependency>
        <Required key="2" type="bot" displayName="new_bot_343a0ee7009648be87df0f0e011ccda5" solution="Active" id.schemaname="new_bot_343a0ee7009648be87df0f0e011ccda5" />
        <Dependent key="3" type="bot_botcomponent" displayName="botcomponentid.schemaname=new_topic_7c3354a5b3774e8bac457027a44f6a48,botid.schemaname=new_bot_343a0ee7009648be87df0f0e011ccda5" id.botid.schemaname="new_bot_343a0ee7009648be87df0f0e011ccda5" id.botcomponentid.schemaname="new_topic_7c3354a5b3774e8bac457027a44f6a48" />
      </MissingDependency>
      <MissingDependency>
        <Required key="4" type="botcomponent" displayName="new_topic_7c3354a5b3774e8bac457027a44f6a48" solution="Active" id.schemaname="new_topic_7c3354a5b3774e8bac457027a44f6a48" />
        <Dependent key="3" type="bot_botcomponent" displayName="botcomponentid.schemaname=new_topic_7c3354a5b3774e8bac457027a44f6a48,botid.schemaname=new_bot_343a0ee7009648be87df0f0e011ccda5" id.botid.schemaname="new_bot_343a0ee7009648be87df0f0e011ccda5" id.botcomponentid.schemaname="new_topic_7c3354a5b3774e8bac457027a44f6a48" />
      </MissingDependency>
      <MissingDependency>
        <Required key="2" type="bot" displayName="new_bot_343a0ee7009648be87df0f0e011ccda5" solution="Active" id.schemaname="new_bot_343a0ee7009648be87df0f0e011ccda5" />
        <Dependent key="5" type="bot_botcomponent" displayName="botcomponentid.schemaname=new_topic_784c321a8dea46a39e713cfd18bba224,botid.schemaname=new_bot_343a0ee7009648be87df0f0e011ccda5" id.botcomponentid.schemaname="new_topic_784c321a8dea46a39e713cfd18bba224" id.botid.schemaname="new_bot_343a0ee7009648be87df0f0e011ccda5" />
      </MissingDependency>
      <MissingDependency>
        <Required key="6" type="botcomponent" displayName="new_topic_784c321a8dea46a39e713cfd18bba224" solution="Active" id.schemaname="new_topic_784c321a8dea46a39e713cfd18bba224" />
        <Dependent key="5" type="bot_botcomponent" displayName="botcomponentid.schemaname=new_topic_784c321a8dea46a39e713cfd18bba224,botid.schemaname=new_bot_343a0ee7009648be87df0f0e011ccda5" id.botid.schemaname="new_bot_343a0ee7009648be87df0f0e011ccda5" id.botcomponentid.schemaname="new_topic_784c321a8dea46a39e713cfd18bba224" />
      </MissingDependency>
      <MissingDependency>
        <Required key="2" type="bot" displayName="new_bot_343a0ee7009648be87df0f0e011ccda5" solution="Active" id.schemaname="new_bot_343a0ee7009648be87df0f0e011ccda5" />
        <Dependent key="7" type="bot_botcomponent" displayName="botcomponentid.schemaname=new_topic_09001c8d1a72413cac9ee77101d9c15a,botid.schemaname=new_bot_343a0ee7009648be87df0f0e011ccda5" id.botid.schemaname="new_bot_343a0ee7009648be87df0f0e011ccda5" id.botcomponentid.schemaname="new_topic_09001c8d1a72413cac9ee77101d9c15a" />
      </MissingDependency>
      <MissingDependency>
        <Required key="8" type="botcomponent" displayName="new_topic_09001c8d1a72413cac9ee77101d9c15a" solution="Active" id.schemaname="new_topic_09001c8d1a72413cac9ee77101d9c15a" />
        <Dependent key="7" type="bot_botcomponent" displayName="botcomponentid.schemaname=new_topic_09001c8d1a72413cac9ee77101d9c15a,botid.schemaname=new_bot_343a0ee7009648be87df0f0e011ccda5" id.botid.schemaname="new_bot_343a0ee7009648be87df0f0e011ccda5" id.botcomponentid.schemaname="new_topic_09001c8d1a72413cac9ee77101d9c15a" />
      </MissingDependency>
      <MissingDependency>
        <Required key="2" type="bot" displayName="new_bot_343a0ee7009648be87df0f0e011ccda5" solution="Active" id.schemaname="new_bot_343a0ee7009648be87df0f0e011ccda5" />
        <Dependent key="9" type="bot_botcomponent" displayName="botcomponentid.schemaname=new_topic_343a0ee7009648be87df0f0e011ccda5_db1f76b081dc43389df9dd2df7518737_confirmedsuccess,botid.schemaname=new_bot_343a0ee7009648be87df0f0e011ccda5" id.botcomponentid.schemaname="new_topic_343a0ee7009648be87df0f0e011ccda5_db1f76b081dc43389df9dd2df7518737_confirmedsuccess" id.botid.schemaname="new_bot_343a0ee7009648be87df0f0e011ccda5" />
      </MissingDependency>
      <MissingDependency>
        <Required key="10" type="botcomponent" displayName="new_topic_343a0ee7009648be87df0f0e011ccda5_db1f76b081dc43389df9dd2df7518737_confirmedsuccess" solution="Active" id.schemaname="new_topic_343a0ee7009648be87df0f0e011ccda5_db1f76b081dc43389df9dd2df7518737_confirmedsuccess" />
        <Dependent key="9" type="bot_botcomponent" displayName="botcomponentid.schemaname=new_topic_343a0ee7009648be87df0f0e011ccda5_db1f76b081dc43389df9dd2df7518737_confirmedsuccess,botid.schemaname=new_bot_343a0ee7009648be87df0f0e011ccda5" id.botcomponentid.schemaname="new_topic_343a0ee7009648be87df0f0e011ccda5_db1f76b081dc43389df9dd2df7518737_confirmedsuccess" id.botid.schemaname="new_bot_343a0ee7009648be87df0f0e011ccda5" />
      </MissingDependency>
      <MissingDependency>
        <Required key="2" type="bot" displayName="new_bot_343a0ee7009648be87df0f0e011ccda5" solution="Active" id.schemaname="new_bot_343a0ee7009648be87df0f0e011ccda5" />
        <Dependent key="11" type="bot_botcomponent" displayName="botcomponentid.schemaname=new_topic_343a0ee7009648be87df0f0e011ccda5_954135cafcd647eaae5999ad91fc08cf_talktoagent,botid.schemaname=new_bot_343a0ee7009648be87df0f0e011ccda5" id.botid.schemaname="new_bot_343a0ee7009648be87df0f0e011ccda5" id.botcomponentid.schemaname="new_topic_343a0ee7009648be87df0f0e011ccda5_954135cafcd647eaae5999ad91fc08cf_talktoagent" />
      </MissingDependency>
      <MissingDependency>
        <Required key="12" type="botcomponent" displayName="new_topic_343a0ee7009648be87df0f0e011ccda5_954135cafcd647eaae5999ad91fc08cf_talktoagent" solution="Active" id.schemaname="new_topic_343a0ee7009648be87df0f0e011ccda5_954135cafcd647eaae5999ad91fc08cf_talktoagent" />
        <Dependent key="11" type="bot_botcomponent" displayName="botcomponentid.schemaname=new_topic_343a0ee7009648be87df0f0e011ccda5_954135cafcd647eaae5999ad91fc08cf_talktoagent,botid.schemaname=new_bot_343a0ee7009648be87df0f0e011ccda5" id.botcomponentid.schemaname="new_topic_343a0ee7009648be87df0f0e011ccda5_954135cafcd647eaae5999ad91fc08cf_talktoagent" id.botid.schemaname="new_bot_343a0ee7009648be87df0f0e011ccda5" />
      </MissingDependency>
      <MissingDependency>
        <Required key="2" type="bot" displayName="new_bot_343a0ee7009648be87df0f0e011ccda5" solution="Active" id.schemaname="new_bot_343a0ee7009648be87df0f0e011ccda5" />
        <Dependent key="13" type="bot_botcomponent" displayName="botcomponentid.schemaname=new_topic_343a0ee7009648be87df0f0e011ccda5_d2198a5ee41a48a5bf70ab8970145a9f_confirmedfailure,botid.schemaname=new_bot_343a0ee7009648be87df0f0e011ccda5" id.botcomponentid.schemaname="new_topic_343a0ee7009648be87df0f0e011ccda5_d2198a5ee41a48a5bf70ab8970145a9f_confirmedfailure" id.botid.schemaname="new_bot_343a0ee7009648be87df0f0e011ccda5" />
      </MissingDependency>
      <MissingDependency>
        <Required key="14" type="botcomponent" displayName="new_topic_343a0ee7009648be87df0f0e011ccda5_d2198a5ee41a48a5bf70ab8970145a9f_confirmedfailure" solution="Active" id.schemaname="new_topic_343a0ee7009648be87df0f0e011ccda5_d2198a5ee41a48a5bf70ab8970145a9f_confirmedfailure" />
        <Dependent key="13" type="bot_botcomponent" displayName="botcomponentid.schemaname=new_topic_343a0ee7009648be87df0f0e011ccda5_d2198a5ee41a48a5bf70ab8970145a9f_confirmedfailure,botid.schemaname=new_bot_343a0ee7009648be87df0f0e011ccda5" id.botcomponentid.schemaname="new_topic_343a0ee7009648be87df0f0e011ccda5_d2198a5ee41a48a5bf70ab8970145a9f_confirmedfailure" id.botid.schemaname="new_bot_343a0ee7009648be87df0f0e011ccda5" />
      </MissingDependency>
      <MissingDependency>
        <Required key="2" type="bot" displayName="new_bot_343a0ee7009648be87df0f0e011ccda5" solution="Active" id.schemaname="new_bot_343a0ee7009648be87df0f0e011ccda5" />
        <Dependent key="15" type="bot_botcomponent" displayName="botcomponentid.schemaname=new_topic_343a0ee7009648be87df0f0e011ccda5_21a34f1673a24096a99ba0effb63cc1d,botid.schemaname=new_bot_343a0ee7009648be87df0f0e011ccda5" id.botcomponentid.schemaname="new_topic_343a0ee7009648be87df0f0e011ccda5_21a34f1673a24096a99ba0effb63cc1d" id.botid.schemaname="new_bot_343a0ee7009648be87df0f0e011ccda5" />
      </MissingDependency>
      <MissingDependency>
        <Required key="16" type="botcomponent" displayName="new_topic_343a0ee7009648be87df0f0e011ccda5_21a34f1673a24096a99ba0effb63cc1d" solution="Active" id.schemaname="new_topic_343a0ee7009648be87df0f0e011ccda5_21a34f1673a24096a99ba0effb63cc1d" />
        <Dependent key="15" type="bot_botcomponent" displayName="botcomponentid.schemaname=new_topic_343a0ee7009648be87df0f0e011ccda5_21a34f1673a24096a99ba0effb63cc1d,botid.schemaname=new_bot_343a0ee7009648be87df0f0e011ccda5" id.botid.schemaname="new_bot_343a0ee7009648be87df0f0e011ccda5" id.botcomponentid.schemaname="new_topic_343a0ee7009648be87df0f0e011ccda5_21a34f1673a24096a99ba0effb63cc1d" />
      </MissingDependency>
      <MissingDependency>
        <Required key="2" type="bot" displayName="new_bot_343a0ee7009648be87df0f0e011ccda5" solution="Active" id.schemaname="new_bot_343a0ee7009648be87df0f0e011ccda5" />
        <Dependent key="17" type="bot_botcomponent" displayName="botcomponentid.schemaname=new_topic_343a0ee7009648be87df0f0e011ccda5_33d5123770ba4daeafae51b361ddc80a,botid.schemaname=new_bot_343a0ee7009648be87df0f0e011ccda5" id.botcomponentid.schemaname="new_topic_343a0ee7009648be87df0f0e011ccda5_33d5123770ba4daeafae51b361ddc80a" id.botid.schemaname="new_bot_343a0ee7009648be87df0f0e011ccda5" />
      </MissingDependency>
      <MissingDependency>
        <Required key="18" type="botcomponent" displayName="new_topic_343a0ee7009648be87df0f0e011ccda5_33d5123770ba4daeafae51b361ddc80a" solution="Active" id.schemaname="new_topic_343a0ee7009648be87df0f0e011ccda5_33d5123770ba4daeafae51b361ddc80a" />
        <Dependent key="17" type="bot_botcomponent" displayName="botcomponentid.schemaname=new_topic_343a0ee7009648be87df0f0e011ccda5_33d5123770ba4daeafae51b361ddc80a,botid.schemaname=new_bot_343a0ee7009648be87df0f0e011ccda5" id.botid.schemaname="new_bot_343a0ee7009648be87df0f0e011ccda5" id.botcomponentid.schemaname="new_topic_343a0ee7009648be87df0f0e011ccda5_33d5123770ba4daeafae51b361ddc80a" />
      </MissingDependency>
      <MissingDependency>
        <Required key="2" type="bot" displayName="new_bot_343a0ee7009648be87df0f0e011ccda5" solution="Active" id.schemaname="new_bot_343a0ee7009648be87df0f0e011ccda5" />
        <Dependent key="19" type="bot_botcomponent" displayName="botcomponentid.schemaname=new_topic_343a0ee7009648be87df0f0e011ccda5_f56d1a3e522740c78f9fac0939332dbd_goodbye,botid.schemaname=new_bot_343a0ee7009648be87df0f0e011ccda5" id.botid.schemaname="new_bot_343a0ee7009648be87df0f0e011ccda5" id.botcomponentid.schemaname="new_topic_343a0ee7009648be87df0f0e011ccda5_f56d1a3e522740c78f9fac0939332dbd_goodbye" />
      </MissingDependency>
      <MissingDependency>
        <Required key="20" type="botcomponent" displayName="new_topic_343a0ee7009648be87df0f0e011ccda5_f56d1a3e522740c78f9fac0939332dbd_goodbye" solution="Active" id.schemaname="new_topic_343a0ee7009648be87df0f0e011ccda5_f56d1a3e522740c78f9fac0939332dbd_goodbye" />
        <Dependent key="19" type="bot_botcomponent" displayName="botcomponentid.schemaname=new_topic_343a0ee7009648be87df0f0e011ccda5_f56d1a3e522740c78f9fac0939332dbd_goodbye,botid.schemaname=new_bot_343a0ee7009648be87df0f0e011ccda5" id.botid.schemaname="new_bot_343a0ee7009648be87df0f0e011ccda5" id.botcomponentid.schemaname="new_topic_343a0ee7009648be87df0f0e011ccda5_f56d1a3e522740c78f9fac0939332dbd_goodbye" />
      </MissingDependency>
      <MissingDependency>
        <Required key="2" type="bot" displayName="new_bot_343a0ee7009648be87df0f0e011ccda5" solution="Active" id.schemaname="new_bot_343a0ee7009648be87df0f0e011ccda5" />
        <Dependent key="21" type="bot_botcomponent" displayName="botcomponentid.schemaname=new_topic_343a0ee7009648be87df0f0e011ccda5_3d2584ec30914684839527e05e7be172_thankyou,botid.schemaname=new_bot_343a0ee7009648be87df0f0e011ccda5" id.botid.schemaname="new_bot_343a0ee7009648be87df0f0e011ccda5" id.botcomponentid.schemaname="new_topic_343a0ee7009648be87df0f0e011ccda5_3d2584ec30914684839527e05e7be172_thankyou" />
      </MissingDependency>
      <MissingDependency>
        <Required key="22" type="botcomponent" displayName="new_topic_343a0ee7009648be87df0f0e011ccda5_3d2584ec30914684839527e05e7be172_thankyou" solution="Active" id.schemaname="new_topic_343a0ee7009648be87df0f0e011ccda5_3d2584ec30914684839527e05e7be172_thankyou" />
        <Dependent key="21" type="bot_botcomponent" displayName="botcomponentid.schemaname=new_topic_343a0ee7009648be87df0f0e011ccda5_3d2584ec30914684839527e05e7be172_thankyou,botid.schemaname=new_bot_343a0ee7009648be87df0f0e011ccda5" id.botid.schemaname="new_bot_343a0ee7009648be87df0f0e011ccda5" id.botcomponentid.schemaname="new_topic_343a0ee7009648be87df0f0e011ccda5_3d2584ec30914684839527e05e7be172_thankyou" />
      </MissingDependency>
      <MissingDependency>
        <Required key="2" type="bot" displayName="new_bot_343a0ee7009648be87df0f0e011ccda5" solution="Active" id.schemaname="new_bot_343a0ee7009648be87df0f0e011ccda5" />
        <Dependent key="23" type="bot_botcomponent" displayName="botcomponentid.schemaname=new_topic_343a0ee7009648be87df0f0e011ccda5_aeabea4d071f415c8c107e1cb7af5424_assumedsuccess,botid.schemaname=new_bot_343a0ee7009648be87df0f0e011ccda5" id.botcomponentid.schemaname="new_topic_343a0ee7009648be87df0f0e011ccda5_aeabea4d071f415c8c107e1cb7af5424_assumedsuccess" id.botid.schemaname="new_bot_343a0ee7009648be87df0f0e011ccda5" />
      </MissingDependency>
      <MissingDependency>
        <Required key="24" type="botcomponent" displayName="new_topic_343a0ee7009648be87df0f0e011ccda5_aeabea4d071f415c8c107e1cb7af5424_assumedsuccess" solution="Active" id.schemaname="new_topic_343a0ee7009648be87df0f0e011ccda5_aeabea4d071f415c8c107e1cb7af5424_assumedsuccess" />
        <Dependent key="23" type="bot_botcomponent" displayName="botcomponentid.schemaname=new_topic_343a0ee7009648be87df0f0e011ccda5_aeabea4d071f415c8c107e1cb7af5424_assumedsuccess,botid.schemaname=new_bot_343a0ee7009648be87df0f0e011ccda5" id.botid.schemaname="new_bot_343a0ee7009648be87df0f0e011ccda5" id.botcomponentid.schemaname="new_topic_343a0ee7009648be87df0f0e011ccda5_aeabea4d071f415c8c107e1cb7af5424_assumedsuccess" />
      </MissingDependency>
      <MissingDependency>
        <Required key="2" type="bot" displayName="new_bot_343a0ee7009648be87df0f0e011ccda5" solution="Active" id.schemaname="new_bot_343a0ee7009648be87df0f0e011ccda5" />
        <Dependent key="25" type="bot_botcomponent" displayName="botcomponentid.schemaname=new_customtype_343a0ee7009648be87df0f0e011ccda5_92610204747047ac8f788f7eecd91118,botid.schemaname=new_bot_343a0ee7009648be87df0f0e011ccda5" id.botid.schemaname="new_bot_343a0ee7009648be87df0f0e011ccda5" id.botcomponentid.schemaname="new_customtype_343a0ee7009648be87df0f0e011ccda5_92610204747047ac8f788f7eecd91118" />
      </MissingDependency>
      <MissingDependency>
        <Required key="26" type="botcomponent" displayName="new_customtype_343a0ee7009648be87df0f0e011ccda5_92610204747047ac8f788f7eecd91118" solution="Active" id.schemaname="new_customtype_343a0ee7009648be87df0f0e011ccda5_92610204747047ac8f788f7eecd91118" />
        <Dependent key="25" type="bot_botcomponent" displayName="botcomponentid.schemaname=new_customtype_343a0ee7009648be87df0f0e011ccda5_92610204747047ac8f788f7eecd91118,botid.schemaname=new_bot_343a0ee7009648be87df0f0e011ccda5" id.botcomponentid.schemaname="new_customtype_343a0ee7009648be87df0f0e011ccda5_92610204747047ac8f788f7eecd91118" id.botid.schemaname="new_bot_343a0ee7009648be87df0f0e011ccda5" />
      </MissingDependency>
      <MissingDependency>
        <Required key="2" type="bot" displayName="new_bot_343a0ee7009648be87df0f0e011ccda5" solution="Active" id.schemaname="new_bot_343a0ee7009648be87df0f0e011ccda5" />
        <Dependent key="27" type="bot_botcomponent" displayName="botcomponentid.schemaname=new_customtype_343a0ee7009648be87df0f0e011ccda5_f86fcadfd497444e91ed11c12b059d10,botid.schemaname=new_bot_343a0ee7009648be87df0f0e011ccda5" id.botid.schemaname="new_bot_343a0ee7009648be87df0f0e011ccda5" id.botcomponentid.schemaname="new_customtype_343a0ee7009648be87df0f0e011ccda5_f86fcadfd497444e91ed11c12b059d10" />
      </MissingDependency>
      <MissingDependency>
        <Required key="28" type="botcomponent" displayName="new_customtype_343a0ee7009648be87df0f0e011ccda5_f86fcadfd497444e91ed11c12b059d10" solution="Active" id.schemaname="new_customtype_343a0ee7009648be87df0f0e011ccda5_f86fcadfd497444e91ed11c12b059d10" />
        <Dependent key="27" type="bot_botcomponent" displayName="botcomponentid.schemaname=new_customtype_343a0ee7009648be87df0f0e011ccda5_f86fcadfd497444e91ed11c12b059d10,botid.schemaname=new_bot_343a0ee7009648be87df0f0e011ccda5" id.botcomponentid.schemaname="new_customtype_343a0ee7009648be87df0f0e011ccda5_f86fcadfd497444e91ed11c12b059d10" id.botid.schemaname="new_bot_343a0ee7009648be87df0f0e011ccda5" />
      </MissingDependency>
      <MissingDependency>
        <Required key="2" type="bot" displayName="new_bot_343a0ee7009648be87df0f0e011ccda5" solution="Active" id.schemaname="new_bot_343a0ee7009648be87df0f0e011ccda5" />
        <Dependent key="29" type="bot_botcomponent" displayName="botcomponentid.schemaname=new_topic_343a0ee7009648be87df0f0e011ccda5_85df75ce08a44a9b82cc8f3fdb25f669,botid.schemaname=new_bot_343a0ee7009648be87df0f0e011ccda5" id.botid.schemaname="new_bot_343a0ee7009648be87df0f0e011ccda5" id.botcomponentid.schemaname="new_topic_343a0ee7009648be87df0f0e011ccda5_85df75ce08a44a9b82cc8f3fdb25f669" />
      </MissingDependency>
      <MissingDependency>
        <Required key="30" type="botcomponent" displayName="new_topic_343a0ee7009648be87df0f0e011ccda5_85df75ce08a44a9b82cc8f3fdb25f669" solution="Active" id.schemaname="new_topic_343a0ee7009648be87df0f0e011ccda5_85df75ce08a44a9b82cc8f3fdb25f669" />
        <Dependent key="29" type="bot_botcomponent" displayName="botcomponentid.schemaname=new_topic_343a0ee7009648be87df0f0e011ccda5_85df75ce08a44a9b82cc8f3fdb25f669,botid.schemaname=new_bot_343a0ee7009648be87df0f0e011ccda5" id.botid.schemaname="new_bot_343a0ee7009648be87df0f0e011ccda5" id.botcomponentid.schemaname="new_topic_343a0ee7009648be87df0f0e011ccda5_85df75ce08a44a9b82cc8f3fdb25f669" />
      </MissingDependency>
      <MissingDependency>
        <Required key="2" type="bot" displayName="new_bot_343a0ee7009648be87df0f0e011ccda5" solution="Active" id.schemaname="new_bot_343a0ee7009648be87df0f0e011ccda5" />
        <Dependent key="31" type="bot_botcomponent" displayName="botcomponentid.schemaname=new_topic_343a0ee7009648be87df0f0e011ccda5_8a4964498f83424bb3a86295bf7d0952_startover,botid.schemaname=new_bot_343a0ee7009648be87df0f0e011ccda5" id.botcomponentid.schemaname="new_topic_343a0ee7009648be87df0f0e011ccda5_8a4964498f83424bb3a86295bf7d0952_startover" id.botid.schemaname="new_bot_343a0ee7009648be87df0f0e011ccda5" />
      </MissingDependency>
      <MissingDependency>
        <Required key="32" type="botcomponent" displayName="new_topic_343a0ee7009648be87df0f0e011ccda5_8a4964498f83424bb3a86295bf7d0952_startover" solution="Active" id.schemaname="new_topic_343a0ee7009648be87df0f0e011ccda5_8a4964498f83424bb3a86295bf7d0952_startover" />
        <Dependent key="31" type="bot_botcomponent" displayName="botcomponentid.schemaname=new_topic_343a0ee7009648be87df0f0e011ccda5_8a4964498f83424bb3a86295bf7d0952_startover,botid.schemaname=new_bot_343a0ee7009648be87df0f0e011ccda5" id.botcomponentid.schemaname="new_topic_343a0ee7009648be87df0f0e011ccda5_8a4964498f83424bb3a86295bf7d0952_startover" id.botid.schemaname="new_bot_343a0ee7009648be87df0f0e011ccda5" />
      </MissingDependency>
      <MissingDependency>
        <Required key="2" type="bot" displayName="new_bot_343a0ee7009648be87df0f0e011ccda5" solution="Active" id.schemaname="new_bot_343a0ee7009648be87df0f0e011ccda5" />
        <Dependent key="33" type="bot_botcomponent" displayName="botcomponentid.schemaname=new_topic_343a0ee7009648be87df0f0e011ccda5_dbafebd526364487911b63a2a774389f,botid.schemaname=new_bot_343a0ee7009648be87df0f0e011ccda5" id.botid.schemaname="new_bot_343a0ee7009648be87df0f0e011ccda5" id.botcomponentid.schemaname="new_topic_343a0ee7009648be87df0f0e011ccda5_dbafebd526364487911b63a2a774389f" />
      </MissingDependency>
      <MissingDependency>
        <Required key="34" type="botcomponent" displayName="new_topic_343a0ee7009648be87df0f0e011ccda5_dbafebd526364487911b63a2a774389f" solution="Active" id.schemaname="new_topic_343a0ee7009648be87df0f0e011ccda5_dbafebd526364487911b63a2a774389f" />
        <Dependent key="33" type="bot_botcomponent" displayName="botcomponentid.schemaname=new_topic_343a0ee7009648be87df0f0e011ccda5_dbafebd526364487911b63a2a774389f,botid.schemaname=new_bot_343a0ee7009648be87df0f0e011ccda5" id.botid.schemaname="new_bot_343a0ee7009648be87df0f0e011ccda5" id.botcomponentid.schemaname="new_topic_343a0ee7009648be87df0f0e011ccda5_dbafebd526364487911b63a2a774389f" />
      </MissingDependency>
      <MissingDependency>
        <Required key="2" type="bot" displayName="new_bot_343a0ee7009648be87df0f0e011ccda5" solution="Active" id.schemaname="new_bot_343a0ee7009648be87df0f0e011ccda5" />
        <Dependent key="35" type="bot_botcomponent" displayName="botcomponentid.schemaname=new_topic_343a0ee7009648be87df0f0e011ccda5_ba7b967c97ba4c39bca58a8bb6a72d59_conversationstart,botid.schemaname=new_bot_343a0ee7009648be87df0f0e011ccda5" id.botcomponentid.schemaname="new_topic_343a0ee7009648be87df0f0e011ccda5_ba7b967c97ba4c39bca58a8bb6a72d59_conversationstart" id.botid.schemaname="new_bot_343a0ee7009648be87df0f0e011ccda5" />
      </MissingDependency>
      <MissingDependency>
        <Required key="36" type="botcomponent" displayName="new_topic_343a0ee7009648be87df0f0e011ccda5_ba7b967c97ba4c39bca58a8bb6a72d59_conversationstart" solution="Active" id.schemaname="new_topic_343a0ee7009648be87df0f0e011ccda5_ba7b967c97ba4c39bca58a8bb6a72d59_conversationstart" />
        <Dependent key="35" type="bot_botcomponent" displayName="botcomponentid.schemaname=new_topic_343a0ee7009648be87df0f0e011ccda5_ba7b967c97ba4c39bca58a8bb6a72d59_conversationstart,botid.schemaname=new_bot_343a0ee7009648be87df0f0e011ccda5" id.botcomponentid.schemaname="new_topic_343a0ee7009648be87df0f0e011ccda5_ba7b967c97ba4c39bca58a8bb6a72d59_conversationstart" id.botid.schemaname="new_bot_343a0ee7009648be87df0f0e011ccda5" />
      </MissingDependency>
      <MissingDependency>
        <Required key="10" type="botcomponent" displayName="new_topic_343a0ee7009648be87df0f0e011ccda5_db1f76b081dc43389df9dd2df7518737_confirmedsuccess" solution="Active" id.schemaname="new_topic_343a0ee7009648be87df0f0e011ccda5_db1f76b081dc43389df9dd2df7518737_confirmedsuccess" />
        <Dependent key="37" type="botcomponent_botcomponent" displayName="botcomponentidone.schemaname=new_topic_343a0ee7009648be87df0f0e011ccda5_db1f76b081dc43389df9dd2df7518737_confirmedsuccess,botcomponentidtwo.schemaname=new_customtype_343a0ee7009648be87df0f0e011ccda5_92610204747047ac8f788f7eecd91118" id.botcomponentidtwo.schemaname="new_customtype_343a0ee7009648be87df0f0e011ccda5_92610204747047ac8f788f7eecd91118" id.botcomponentidone.schemaname="new_topic_343a0ee7009648be87df0f0e011ccda5_db1f76b081dc43389df9dd2df7518737_confirmedsuccess" />
      </MissingDependency>
      <MissingDependency>
        <Required key="26" type="botcomponent" displayName="new_customtype_343a0ee7009648be87df0f0e011ccda5_92610204747047ac8f788f7eecd91118" solution="Active" id.schemaname="new_customtype_343a0ee7009648be87df0f0e011ccda5_92610204747047ac8f788f7eecd91118" />
        <Dependent key="37" type="botcomponent_botcomponent" displayName="botcomponentidone.schemaname=new_topic_343a0ee7009648be87df0f0e011ccda5_db1f76b081dc43389df9dd2df7518737_confirmedsuccess,botcomponentidtwo.schemaname=new_customtype_343a0ee7009648be87df0f0e011ccda5_92610204747047ac8f788f7eecd91118" id.botcomponentidone.schemaname="new_topic_343a0ee7009648be87df0f0e011ccda5_db1f76b081dc43389df9dd2df7518737_confirmedsuccess" id.botcomponentidtwo.schemaname="new_customtype_343a0ee7009648be87df0f0e011ccda5_92610204747047ac8f788f7eecd91118" />
      </MissingDependency>
      <MissingDependency>
        <Required key="16" type="botcomponent" displayName="new_topic_343a0ee7009648be87df0f0e011ccda5_21a34f1673a24096a99ba0effb63cc1d" solution="Active" id.schemaname="new_topic_343a0ee7009648be87df0f0e011ccda5_21a34f1673a24096a99ba0effb63cc1d" />
        <Dependent key="38" type="botcomponent_botcomponent" displayName="botcomponentidone.schemaname=new_topic_343a0ee7009648be87df0f0e011ccda5_21a34f1673a24096a99ba0effb63cc1d,botcomponentidtwo.schemaname=new_topic_343a0ee7009648be87df0f0e011ccda5_aeabea4d071f415c8c107e1cb7af5424_assumedsuccess" id.botcomponentidtwo.schemaname="new_topic_343a0ee7009648be87df0f0e011ccda5_aeabea4d071f415c8c107e1cb7af5424_assumedsuccess" id.botcomponentidone.schemaname="new_topic_343a0ee7009648be87df0f0e011ccda5_21a34f1673a24096a99ba0effb63cc1d" />
      </MissingDependency>
      <MissingDependency>
        <Required key="24" type="botcomponent" displayName="new_topic_343a0ee7009648be87df0f0e011ccda5_aeabea4d071f415c8c107e1cb7af5424_assumedsuccess" solution="Active" id.schemaname="new_topic_343a0ee7009648be87df0f0e011ccda5_aeabea4d071f415c8c107e1cb7af5424_assumedsuccess" />
        <Dependent key="38" type="botcomponent_botcomponent" displayName="botcomponentidone.schemaname=new_topic_343a0ee7009648be87df0f0e011ccda5_21a34f1673a24096a99ba0effb63cc1d,botcomponentidtwo.schemaname=new_topic_343a0ee7009648be87df0f0e011ccda5_aeabea4d071f415c8c107e1cb7af5424_assumedsuccess" id.botcomponentidone.schemaname="new_topic_343a0ee7009648be87df0f0e011ccda5_21a34f1673a24096a99ba0effb63cc1d" id.botcomponentidtwo.schemaname="new_topic_343a0ee7009648be87df0f0e011ccda5_aeabea4d071f415c8c107e1cb7af5424_assumedsuccess" />
      </MissingDependency>
      <MissingDependency>
        <Required key="32" type="botcomponent" displayName="new_topic_343a0ee7009648be87df0f0e011ccda5_8a4964498f83424bb3a86295bf7d0952_startover" solution="Active" id.schemaname="new_topic_343a0ee7009648be87df0f0e011ccda5_8a4964498f83424bb3a86295bf7d0952_startover" />
        <Dependent key="39" type="botcomponent_botcomponent" displayName="botcomponentidone.schemaname=new_topic_343a0ee7009648be87df0f0e011ccda5_8a4964498f83424bb3a86295bf7d0952_startover,botcomponentidtwo.schemaname=new_topic_343a0ee7009648be87df0f0e011ccda5_ba7b967c97ba4c39bca58a8bb6a72d59_conversationstart" id.botcomponentidone.schemaname="new_topic_343a0ee7009648be87df0f0e011ccda5_8a4964498f83424bb3a86295bf7d0952_startover" id.botcomponentidtwo.schemaname="new_topic_343a0ee7009648be87df0f0e011ccda5_ba7b967c97ba4c39bca58a8bb6a72d59_conversationstart" />
      </MissingDependency>
      <MissingDependency>
        <Required key="36" type="botcomponent" displayName="new_topic_343a0ee7009648be87df0f0e011ccda5_ba7b967c97ba4c39bca58a8bb6a72d59_conversationstart" solution="Active" id.schemaname="new_topic_343a0ee7009648be87df0f0e011ccda5_ba7b967c97ba4c39bca58a8bb6a72d59_conversationstart" />
        <Dependent key="39" type="botcomponent_botcomponent" displayName="botcomponentidone.schemaname=new_topic_343a0ee7009648be87df0f0e011ccda5_8a4964498f83424bb3a86295bf7d0952_startover,botcomponentidtwo.schemaname=new_topic_343a0ee7009648be87df0f0e011ccda5_ba7b967c97ba4c39bca58a8bb6a72d59_conversationstart" id.botcomponentidtwo.schemaname="new_topic_343a0ee7009648be87df0f0e011ccda5_ba7b967c97ba4c39bca58a8bb6a72d59_conversationstart" id.botcomponentidone.schemaname="new_topic_343a0ee7009648be87df0f0e011ccda5_8a4964498f83424bb3a86295bf7d0952_startover" />
      </MissingDependency>
      <MissingDependency>
        <Required key="10" type="botcomponent" displayName="new_topic_343a0ee7009648be87df0f0e011ccda5_db1f76b081dc43389df9dd2df7518737_confirmedsuccess" solution="Active" id.schemaname="new_topic_343a0ee7009648be87df0f0e011ccda5_db1f76b081dc43389df9dd2df7518737_confirmedsuccess" />
        <Dependent key="40" type="botcomponent_botcomponent" displayName="botcomponentidone.schemaname=new_topic_343a0ee7009648be87df0f0e011ccda5_db1f76b081dc43389df9dd2df7518737_confirmedsuccess,botcomponentidtwo.schemaname=new_topic_343a0ee7009648be87df0f0e011ccda5_f56d1a3e522740c78f9fac0939332dbd_goodbye" id.botcomponentidone.schemaname="new_topic_343a0ee7009648be87df0f0e011ccda5_db1f76b081dc43389df9dd2df7518737_confirmedsuccess" id.botcomponentidtwo.schemaname="new_topic_343a0ee7009648be87df0f0e011ccda5_f56d1a3e522740c78f9fac0939332dbd_goodbye" />
      </MissingDependency>
      <MissingDependency>
        <Required key="20" type="botcomponent" displayName="new_topic_343a0ee7009648be87df0f0e011ccda5_f56d1a3e522740c78f9fac0939332dbd_goodbye" solution="Active" id.schemaname="new_topic_343a0ee7009648be87df0f0e011ccda5_f56d1a3e522740c78f9fac0939332dbd_goodbye" />
        <Dependent key="40" type="botcomponent_botcomponent" displayName="botcomponentidone.schemaname=new_topic_343a0ee7009648be87df0f0e011ccda5_db1f76b081dc43389df9dd2df7518737_confirmedsuccess,botcomponentidtwo.schemaname=new_topic_343a0ee7009648be87df0f0e011ccda5_f56d1a3e522740c78f9fac0939332dbd_goodbye" id.botcomponentidtwo.schemaname="new_topic_343a0ee7009648be87df0f0e011ccda5_f56d1a3e522740c78f9fac0939332dbd_goodbye" id.botcomponentidone.schemaname="new_topic_343a0ee7009648be87df0f0e011ccda5_db1f76b081dc43389df9dd2df7518737_confirmedsuccess" />
      </MissingDependency>
      <MissingDependency>
        <Required key="24" type="botcomponent" displayName="new_topic_343a0ee7009648be87df0f0e011ccda5_aeabea4d071f415c8c107e1cb7af5424_assumedsuccess" solution="Active" id.schemaname="new_topic_343a0ee7009648be87df0f0e011ccda5_aeabea4d071f415c8c107e1cb7af5424_assumedsuccess" />
        <Dependent key="41" type="botcomponent_botcomponent" displayName="botcomponentidone.schemaname=new_topic_343a0ee7009648be87df0f0e011ccda5_85df75ce08a44a9b82cc8f3fdb25f669,botcomponentidtwo.schemaname=new_topic_343a0ee7009648be87df0f0e011ccda5_aeabea4d071f415c8c107e1cb7af5424_assumedsuccess" id.botcomponentidone.schemaname="new_topic_343a0ee7009648be87df0f0e011ccda5_85df75ce08a44a9b82cc8f3fdb25f669" id.botcomponentidtwo.schemaname="new_topic_343a0ee7009648be87df0f0e011ccda5_aeabea4d071f415c8c107e1cb7af5424_assumedsuccess" />
      </MissingDependency>
      <MissingDependency>
        <Required key="30" type="botcomponent" displayName="new_topic_343a0ee7009648be87df0f0e011ccda5_85df75ce08a44a9b82cc8f3fdb25f669" solution="Active" id.schemaname="new_topic_343a0ee7009648be87df0f0e011ccda5_85df75ce08a44a9b82cc8f3fdb25f669" />
        <Dependent key="41" type="botcomponent_botcomponent" displayName="botcomponentidone.schemaname=new_topic_343a0ee7009648be87df0f0e011ccda5_85df75ce08a44a9b82cc8f3fdb25f669,botcomponentidtwo.schemaname=new_topic_343a0ee7009648be87df0f0e011ccda5_aeabea4d071f415c8c107e1cb7af5424_assumedsuccess" id.botcomponentidone.schemaname="new_topic_343a0ee7009648be87df0f0e011ccda5_85df75ce08a44a9b82cc8f3fdb25f669" id.botcomponentidtwo.schemaname="new_topic_343a0ee7009648be87df0f0e011ccda5_aeabea4d071f415c8c107e1cb7af5424_assumedsuccess" />
      </MissingDependency>
      <MissingDependency>
        <Required key="6" type="botcomponent" displayName="new_topic_784c321a8dea46a39e713cfd18bba224" solution="Active" id.schemaname="new_topic_784c321a8dea46a39e713cfd18bba224" />
        <Dependent key="42" type="botcomponent_botcomponent" displayName="botcomponentidone.schemaname=new_topic_784c321a8dea46a39e713cfd18bba224,botcomponentidtwo.schemaname=new_topic_343a0ee7009648be87df0f0e011ccda5_aeabea4d071f415c8c107e1cb7af5424_assumedsuccess" id.botcomponentidone.schemaname="new_topic_784c321a8dea46a39e713cfd18bba224" id.botcomponentidtwo.schemaname="new_topic_343a0ee7009648be87df0f0e011ccda5_aeabea4d071f415c8c107e1cb7af5424_assumedsuccess" />
      </MissingDependency>
      <MissingDependency>
        <Required key="24" type="botcomponent" displayName="new_topic_343a0ee7009648be87df0f0e011ccda5_aeabea4d071f415c8c107e1cb7af5424_assumedsuccess" solution="Active" id.schemaname="new_topic_343a0ee7009648be87df0f0e011ccda5_aeabea4d071f415c8c107e1cb7af5424_assumedsuccess" />
        <Dependent key="42" type="botcomponent_botcomponent" displayName="botcomponentidone.schemaname=new_topic_784c321a8dea46a39e713cfd18bba224,botcomponentidtwo.schemaname=new_topic_343a0ee7009648be87df0f0e011ccda5_aeabea4d071f415c8c107e1cb7af5424_assumedsuccess" id.botcomponentidone.schemaname="new_topic_784c321a8dea46a39e713cfd18bba224" id.botcomponentidtwo.schemaname="new_topic_343a0ee7009648be87df0f0e011ccda5_aeabea4d071f415c8c107e1cb7af5424_assumedsuccess" />
      </MissingDependency>
      <MissingDependency>
        <Required key="24" type="botcomponent" displayName="new_topic_343a0ee7009648be87df0f0e011ccda5_aeabea4d071f415c8c107e1cb7af5424_assumedsuccess" solution="Active" id.schemaname="new_topic_343a0ee7009648be87df0f0e011ccda5_aeabea4d071f415c8c107e1cb7af5424_assumedsuccess" />
        <Dependent key="43" type="botcomponent_botcomponent" displayName="botcomponentidone.schemaname=new_topic_343a0ee7009648be87df0f0e011ccda5_aeabea4d071f415c8c107e1cb7af5424_assumedsuccess,botcomponentidtwo.schemaname=new_topic_343a0ee7009648be87df0f0e011ccda5_d2198a5ee41a48a5bf70ab8970145a9f_confirmedfailure" id.botcomponentidone.schemaname="new_topic_343a0ee7009648be87df0f0e011ccda5_aeabea4d071f415c8c107e1cb7af5424_assumedsuccess" id.botcomponentidtwo.schemaname="new_topic_343a0ee7009648be87df0f0e011ccda5_d2198a5ee41a48a5bf70ab8970145a9f_confirmedfailure" />
      </MissingDependency>
      <MissingDependency>
        <Required key="14" type="botcomponent" displayName="new_topic_343a0ee7009648be87df0f0e011ccda5_d2198a5ee41a48a5bf70ab8970145a9f_confirmedfailure" solution="Active" id.schemaname="new_topic_343a0ee7009648be87df0f0e011ccda5_d2198a5ee41a48a5bf70ab8970145a9f_confirmedfailure" />
        <Dependent key="43" type="botcomponent_botcomponent" displayName="botcomponentidone.schemaname=new_topic_343a0ee7009648be87df0f0e011ccda5_aeabea4d071f415c8c107e1cb7af5424_assumedsuccess,botcomponentidtwo.schemaname=new_topic_343a0ee7009648be87df0f0e011ccda5_d2198a5ee41a48a5bf70ab8970145a9f_confirmedfailure" id.botcomponentidone.schemaname="new_topic_343a0ee7009648be87df0f0e011ccda5_aeabea4d071f415c8c107e1cb7af5424_assumedsuccess" id.botcomponentidtwo.schemaname="new_topic_343a0ee7009648be87df0f0e011ccda5_d2198a5ee41a48a5bf70ab8970145a9f_confirmedfailure" />
      </MissingDependency>
      <MissingDependency>
        <Required key="12" type="botcomponent" displayName="new_topic_343a0ee7009648be87df0f0e011ccda5_954135cafcd647eaae5999ad91fc08cf_talktoagent" solution="Active" id.schemaname="new_topic_343a0ee7009648be87df0f0e011ccda5_954135cafcd647eaae5999ad91fc08cf_talktoagent" />
        <Dependent key="44" type="botcomponent_botcomponent" displayName="botcomponentidone.schemaname=new_topic_343a0ee7009648be87df0f0e011ccda5_d2198a5ee41a48a5bf70ab8970145a9f_confirmedfailure,botcomponentidtwo.schemaname=new_topic_343a0ee7009648be87df0f0e011ccda5_954135cafcd647eaae5999ad91fc08cf_talktoagent" id.botcomponentidone.schemaname="new_topic_343a0ee7009648be87df0f0e011ccda5_d2198a5ee41a48a5bf70ab8970145a9f_confirmedfailure" id.botcomponentidtwo.schemaname="new_topic_343a0ee7009648be87df0f0e011ccda5_954135cafcd647eaae5999ad91fc08cf_talktoagent" />
      </MissingDependency>
      <MissingDependency>
        <Required key="14" type="botcomponent" displayName="new_topic_343a0ee7009648be87df0f0e011ccda5_d2198a5ee41a48a5bf70ab8970145a9f_confirmedfailure" solution="Active" id.schemaname="new_topic_343a0ee7009648be87df0f0e011ccda5_d2198a5ee41a48a5bf70ab8970145a9f_confirmedfailure" />
        <Dependent key="44" type="botcomponent_botcomponent" displayName="botcomponentidone.schemaname=new_topic_343a0ee7009648be87df0f0e011ccda5_d2198a5ee41a48a5bf70ab8970145a9f_confirmedfailure,botcomponentidtwo.schemaname=new_topic_343a0ee7009648be87df0f0e011ccda5_954135cafcd647eaae5999ad91fc08cf_talktoagent" id.botcomponentidone.schemaname="new_topic_343a0ee7009648be87df0f0e011ccda5_d2198a5ee41a48a5bf70ab8970145a9f_confirmedfailure" id.botcomponentidtwo.schemaname="new_topic_343a0ee7009648be87df0f0e011ccda5_954135cafcd647eaae5999ad91fc08cf_talktoagent" />
      </MissingDependency>
      <MissingDependency>
        <Required key="34" type="botcomponent" displayName="new_topic_343a0ee7009648be87df0f0e011ccda5_dbafebd526364487911b63a2a774389f" solution="Active" id.schemaname="new_topic_343a0ee7009648be87df0f0e011ccda5_dbafebd526364487911b63a2a774389f" />
        <Dependent key="45" type="botcomponent_botcomponent" displayName="botcomponentidone.schemaname=new_topic_343a0ee7009648be87df0f0e011ccda5_dbafebd526364487911b63a2a774389f,botcomponentidtwo.schemaname=new_topic_343a0ee7009648be87df0f0e011ccda5_aeabea4d071f415c8c107e1cb7af5424_assumedsuccess" id.botcomponentidone.schemaname="new_topic_343a0ee7009648be87df0f0e011ccda5_dbafebd526364487911b63a2a774389f" id.botcomponentidtwo.schemaname="new_topic_343a0ee7009648be87df0f0e011ccda5_aeabea4d071f415c8c107e1cb7af5424_assumedsuccess" />
      </MissingDependency>
      <MissingDependency>
        <Required key="24" type="botcomponent" displayName="new_topic_343a0ee7009648be87df0f0e011ccda5_aeabea4d071f415c8c107e1cb7af5424_assumedsuccess" solution="Active" id.schemaname="new_topic_343a0ee7009648be87df0f0e011ccda5_aeabea4d071f415c8c107e1cb7af5424_assumedsuccess" />
        <Dependent key="45" type="botcomponent_botcomponent" displayName="botcomponentidone.schemaname=new_topic_343a0ee7009648be87df0f0e011ccda5_dbafebd526364487911b63a2a774389f,botcomponentidtwo.schemaname=new_topic_343a0ee7009648be87df0f0e011ccda5_aeabea4d071f415c8c107e1cb7af5424_assumedsuccess" id.botcomponentidone.schemaname="new_topic_343a0ee7009648be87df0f0e011ccda5_dbafebd526364487911b63a2a774389f" id.botcomponentidtwo.schemaname="new_topic_343a0ee7009648be87df0f0e011ccda5_aeabea4d071f415c8c107e1cb7af5424_assumedsuccess" />
      </MissingDependency>
      <MissingDependency>
        <Required key="10" type="botcomponent" displayName="new_topic_343a0ee7009648be87df0f0e011ccda5_db1f76b081dc43389df9dd2df7518737_confirmedsuccess" solution="Active" id.schemaname="new_topic_343a0ee7009648be87df0f0e011ccda5_db1f76b081dc43389df9dd2df7518737_confirmedsuccess" />
        <Dependent key="46" type="botcomponent_botcomponent" displayName="botcomponentidone.schemaname=new_topic_343a0ee7009648be87df0f0e011ccda5_aeabea4d071f415c8c107e1cb7af5424_assumedsuccess,botcomponentidtwo.schemaname=new_topic_343a0ee7009648be87df0f0e011ccda5_db1f76b081dc43389df9dd2df7518737_confirmedsuccess" id.botcomponentidtwo.schemaname="new_topic_343a0ee7009648be87df0f0e011ccda5_db1f76b081dc43389df9dd2df7518737_confirmedsuccess" id.botcomponentidone.schemaname="new_topic_343a0ee7009648be87df0f0e011ccda5_aeabea4d071f415c8c107e1cb7af5424_assumedsuccess" />
      </MissingDependency>
      <MissingDependency>
        <Required key="24" type="botcomponent" displayName="new_topic_343a0ee7009648be87df0f0e011ccda5_aeabea4d071f415c8c107e1cb7af5424_assumedsuccess" solution="Active" id.schemaname="new_topic_343a0ee7009648be87df0f0e011ccda5_aeabea4d071f415c8c107e1cb7af5424_assumedsuccess" />
        <Dependent key="46" type="botcomponent_botcomponent" displayName="botcomponentidone.schemaname=new_topic_343a0ee7009648be87df0f0e011ccda5_aeabea4d071f415c8c107e1cb7af5424_assumedsuccess,botcomponentidtwo.schemaname=new_topic_343a0ee7009648be87df0f0e011ccda5_db1f76b081dc43389df9dd2df7518737_confirmedsuccess" id.botcomponentidtwo.schemaname="new_topic_343a0ee7009648be87df0f0e011ccda5_db1f76b081dc43389df9dd2df7518737_confirmedsuccess" id.botcomponentidone.schemaname="new_topic_343a0ee7009648be87df0f0e011ccda5_aeabea4d071f415c8c107e1cb7af5424_assumedsuccess" />
      </MissingDependency>
      <MissingDependency>
        <Required key="24" type="botcomponent" displayName="new_topic_343a0ee7009648be87df0f0e011ccda5_aeabea4d071f415c8c107e1cb7af5424_assumedsuccess" solution="Active" id.schemaname="new_topic_343a0ee7009648be87df0f0e011ccda5_aeabea4d071f415c8c107e1cb7af5424_assumedsuccess" />
        <Dependent key="47" type="botcomponent_botcomponent" displayName="botcomponentidone.schemaname=new_topic_7c3354a5b3774e8bac457027a44f6a48,botcomponentidtwo.schemaname=new_topic_343a0ee7009648be87df0f0e011ccda5_aeabea4d071f415c8c107e1cb7af5424_assumedsuccess" id.botcomponentidtwo.schemaname="new_topic_343a0ee7009648be87df0f0e011ccda5_aeabea4d071f415c8c107e1cb7af5424_assumedsuccess" id.botcomponentidone.schemaname="new_topic_7c3354a5b3774e8bac457027a44f6a48" />
      </MissingDependency>
      <MissingDependency>
        <Required key="4" type="botcomponent" displayName="new_topic_7c3354a5b3774e8bac457027a44f6a48" solution="Active" id.schemaname="new_topic_7c3354a5b3774e8bac457027a44f6a48" />
        <Dependent key="47" type="botcomponent_botcomponent" displayName="botcomponentidone.schemaname=new_topic_7c3354a5b3774e8bac457027a44f6a48,botcomponentidtwo.schemaname=new_topic_343a0ee7009648be87df0f0e011ccda5_aeabea4d071f415c8c107e1cb7af5424_assumedsuccess" id.botcomponentidone.schemaname="new_topic_7c3354a5b3774e8bac457027a44f6a48" id.botcomponentidtwo.schemaname="new_topic_343a0ee7009648be87df0f0e011ccda5_aeabea4d071f415c8c107e1cb7af5424_assumedsuccess" />
      </MissingDependency>
      <MissingDependency>
        <Required key="24" type="botcomponent" displayName="new_topic_343a0ee7009648be87df0f0e011ccda5_aeabea4d071f415c8c107e1cb7af5424_assumedsuccess" solution="Active" id.schemaname="new_topic_343a0ee7009648be87df0f0e011ccda5_aeabea4d071f415c8c107e1cb7af5424_assumedsuccess" />
        <Dependent key="48" type="botcomponent_botcomponent" displayName="botcomponentidone.schemaname=new_topic_343a0ee7009648be87df0f0e011ccda5_33d5123770ba4daeafae51b361ddc80a,botcomponentidtwo.schemaname=new_topic_343a0ee7009648be87df0f0e011ccda5_aeabea4d071f415c8c107e1cb7af5424_assumedsuccess" id.botcomponentidtwo.schemaname="new_topic_343a0ee7009648be87df0f0e011ccda5_aeabea4d071f415c8c107e1cb7af5424_assumedsuccess" id.botcomponentidone.schemaname="new_topic_343a0ee7009648be87df0f0e011ccda5_33d5123770ba4daeafae51b361ddc80a" />
      </MissingDependency>
      <MissingDependency>
        <Required key="18" type="botcomponent" displayName="new_topic_343a0ee7009648be87df0f0e011ccda5_33d5123770ba4daeafae51b361ddc80a" solution="Active" id.schemaname="new_topic_343a0ee7009648be87df0f0e011ccda5_33d5123770ba4daeafae51b361ddc80a" />
        <Dependent key="48" type="botcomponent_botcomponent" displayName="botcomponentidone.schemaname=new_topic_343a0ee7009648be87df0f0e011ccda5_33d5123770ba4daeafae51b361ddc80a,botcomponentidtwo.schemaname=new_topic_343a0ee7009648be87df0f0e011ccda5_aeabea4d071f415c8c107e1cb7af5424_assumedsuccess" id.botcomponentidone.schemaname="new_topic_343a0ee7009648be87df0f0e011ccda5_33d5123770ba4daeafae51b361ddc80a" id.botcomponentidtwo.schemaname="new_topic_343a0ee7009648be87df0f0e011ccda5_aeabea4d071f415c8c107e1cb7af5424_assumedsuccess" />
      </MissingDependency>
      <MissingDependency>
        <Required key="28" type="botcomponent" displayName="new_customtype_343a0ee7009648be87df0f0e011ccda5_f86fcadfd497444e91ed11c12b059d10" solution="Active" id.schemaname="new_customtype_343a0ee7009648be87df0f0e011ccda5_f86fcadfd497444e91ed11c12b059d10" />
        <Dependent key="49" type="botcomponent_botcomponent" displayName="botcomponentidone.schemaname=new_topic_343a0ee7009648be87df0f0e011ccda5_85df75ce08a44a9b82cc8f3fdb25f669,botcomponentidtwo.schemaname=new_customtype_343a0ee7009648be87df0f0e011ccda5_f86fcadfd497444e91ed11c12b059d10" id.botcomponentidone.schemaname="new_topic_343a0ee7009648be87df0f0e011ccda5_85df75ce08a44a9b82cc8f3fdb25f669" id.botcomponentidtwo.schemaname="new_customtype_343a0ee7009648be87df0f0e011ccda5_f86fcadfd497444e91ed11c12b059d10" />
      </MissingDependency>
      <MissingDependency>
        <Required key="30" type="botcomponent" displayName="new_topic_343a0ee7009648be87df0f0e011ccda5_85df75ce08a44a9b82cc8f3fdb25f669" solution="Active" id.schemaname="new_topic_343a0ee7009648be87df0f0e011ccda5_85df75ce08a44a9b82cc8f3fdb25f669" />
        <Dependent key="49" type="botcomponent_botcomponent" displayName="botcomponentidone.schemaname=new_topic_343a0ee7009648be87df0f0e011ccda5_85df75ce08a44a9b82cc8f3fdb25f669,botcomponentidtwo.schemaname=new_customtype_343a0ee7009648be87df0f0e011ccda5_f86fcadfd497444e91ed11c12b059d10" id.botcomponentidtwo.schemaname="new_customtype_343a0ee7009648be87df0f0e011ccda5_f86fcadfd497444e91ed11c12b059d10" id.botcomponentidone.schemaname="new_topic_343a0ee7009648be87df0f0e011ccda5_85df75ce08a44a9b82cc8f3fdb25f669" />
      </MissingDependency>
    </MissingDependencies>
  </SolutionManifest>
</ImportExportXml>