<bot_botcomponentset>
  <bot_botcomponent botcomponentid.schemaname="new_topic_343a0ee7009648be87df0f0e011ccda5_8a4964498f83424bb3a86295bf7d0952_startover" botid.schemaname="new_bot_343a0ee7009648be87df0f0e011ccda5">
    <iscustomizable>1</iscustomizable>
  </bot_botcomponent>
  <bot_botcomponent botid.schemaname="new_bot_343a0ee7009648be87df0f0e011ccda5" botcomponentid.schemaname="new_topic_343a0ee7009648be87df0f0e011ccda5_ba7b967c97ba4c39bca58a8bb6a72d59_conversationstart">
    <iscustomizable>1</iscustomizable>
  </bot_botcomponent>
  <bot_botcomponent botid.schemaname="new_bot_343a0ee7009648be87df0f0e011ccda5" botcomponentid.schemaname="new_topic_343a0ee7009648be87df0f0e011ccda5_3d2584ec30914684839527e05e7be172_thankyou">
    <iscustomizable>1</iscustomizable>
  </bot_botcomponent>
  <bot_botcomponent botid.schemaname="new_bot_343a0ee7009648be87df0f0e011ccda5" botcomponentid.schemaname="new_topic_343a0ee7009648be87df0f0e011ccda5_954135cafcd647eaae5999ad91fc08cf_talktoagent">
    <iscustomizable>1</iscustomizable>
  </bot_botcomponent>
  <bot_botcomponent botid.schemaname="new_bot_343a0ee7009648be87df0f0e011ccda5" botcomponentid.schemaname="new_topic_09001c8d1a72413cac9ee77101d9c15a">
    <iscustomizable>1</iscustomizable>
  </bot_botcomponent>
  <bot_botcomponent botid.schemaname="new_bot_343a0ee7009648be87df0f0e011ccda5" botcomponentid.schemaname="new_topic_343a0ee7009648be87df0f0e011ccda5_33d5123770ba4daeafae51b361ddc80a">
    <iscustomizable>1</iscustomizable>
  </bot_botcomponent>
  <bot_botcomponent botcomponentid.schemaname="new_topic_343a0ee7009648be87df0f0e011ccda5_21a34f1673a24096a99ba0effb63cc1d" botid.schemaname="new_bot_343a0ee7009648be87df0f0e011ccda5">
    <iscustomizable>1</iscustomizable>
  </bot_botcomponent>
  <bot_botcomponent botid.schemaname="new_bot_343a0ee7009648be87df0f0e011ccda5" botcomponentid.schemaname="new_topic_343a0ee7009648be87df0f0e011ccda5_aeabea4d071f415c8c107e1cb7af5424_assumedsuccess">
    <iscustomizable>1</iscustomizable>
  </bot_botcomponent>
  <bot_botcomponent botcomponentid.schemaname="new_topic_343a0ee7009648be87df0f0e011ccda5_db1f76b081dc43389df9dd2df7518737_confirmedsuccess" botid.schemaname="new_bot_343a0ee7009648be87df0f0e011ccda5">
    <iscustomizable>1</iscustomizable>
  </bot_botcomponent>
  <bot_botcomponent botid.schemaname="new_bot_343a0ee7009648be87df0f0e011ccda5" botcomponentid.schemaname="new_topic_343a0ee7009648be87df0f0e011ccda5_d2198a5ee41a48a5bf70ab8970145a9f_confirmedfailure">
    <iscustomizable>1</iscustomizable>
  </bot_botcomponent>
  <bot_botcomponent botid.schemaname="new_bot_343a0ee7009648be87df0f0e011ccda5" botcomponentid.schemaname="new_topic_343a0ee7009648be87df0f0e011ccda5_dbafebd526364487911b63a2a774389f">
    <iscustomizable>1</iscustomizable>
  </bot_botcomponent>
  <bot_botcomponent botcomponentid.schemaname="new_topic_343a0ee7009648be87df0f0e011ccda5_f56d1a3e522740c78f9fac0939332dbd_goodbye" botid.schemaname="new_bot_343a0ee7009648be87df0f0e011ccda5">
    <iscustomizable>1</iscustomizable>
  </bot_botcomponent>
  <bot_botcomponent botcomponentid.schemaname="new_customtype_343a0ee7009648be87df0f0e011ccda5_92610204747047ac8f788f7eecd91118" botid.schemaname="new_bot_343a0ee7009648be87df0f0e011ccda5">
    <iscustomizable>1</iscustomizable>
  </bot_botcomponent>
  <bot_botcomponent botcomponentid.schemaname="new_topic_343a0ee7009648be87df0f0e011ccda5_85df75ce08a44a9b82cc8f3fdb25f669" botid.schemaname="new_bot_343a0ee7009648be87df0f0e011ccda5">
    <iscustomizable>1</iscustomizable>
  </bot_botcomponent>
  <bot_botcomponent botcomponentid.schemaname="new_customtype_343a0ee7009648be87df0f0e011ccda5_f86fcadfd497444e91ed11c12b059d10" botid.schemaname="new_bot_343a0ee7009648be87df0f0e011ccda5">
    <iscustomizable>1</iscustomizable>
  </bot_botcomponent>
  <bot_botcomponent botid.schemaname="new_bot_343a0ee7009648be87df0f0e011ccda5" botcomponentid.schemaname="new_topic_7c3354a5b3774e8bac457027a44f6a48">
    <iscustomizable>1</iscustomizable>
  </bot_botcomponent>
  <bot_botcomponent botcomponentid.schemaname="new_topic_784c321a8dea46a39e713cfd18bba224" botid.schemaname="new_bot_343a0ee7009648be87df0f0e011ccda5">
    <iscustomizable>1</iscustomizable>
  </bot_botcomponent>
</bot_botcomponentset>