{"properties":{"connectionReferences":{"shared_commondataserviceforapps":{"impersonation":{},"runtimeSource":"embedded","connection":{},"api":{"name":"shared_commondataserviceforapps"}}},"definition":{"$schema":"https://schema.management.azure.com/providers/Microsoft.Logic/schemas/2016-06-01/workflowdefinition.json#","contentVersion":"1.0.0.0","parameters":{"$connections":{"defaultValue":{},"type":"Object"},"$authentication":{"defaultValue":{},"type":"SecureObject"}},"triggers":{"manual":{"type":"Request","kind":"VirtualAgent","inputs":{"schema":{"type":"object","properties":{},"required":[]}}}},"actions":{"Return_value(s)_to_Power_Virtual_Agents":{"runAfter":{"Apply_to_each":["Succeeded"]},"type":"Response","kind":"VirtualAgent","inputs":{"statusCode":200,"body":{"availble_services":"@variables('ResponseText')"},"schema":{"type":"object","properties":{"availble_services":{"title":"Availble Services","x-ms-dynamically-added":true,"type":"string"}}}}},"Get_All_Pet_Services":{"runAfter":{"Initialize_variable":["Succeeded"]},"type":"OpenApiConnection","inputs":{"host":{"apiId":"/providers/Microsoft.PowerApps/apis/shared_commondataserviceforapps","connectionName":"shared_commondataserviceforapps","operationId":"ListRecords"},"parameters":{"entityName":"msdyn_serviceconfigurations"},"authentication":"@parameters('$authentication')"}},"Apply_to_each":{"foreach":"@outputs('Get_All_Pet_Services')?['body/value']","actions":{"Append_to_string_variable":{"runAfter":{},"type":"AppendToStringVariable","inputs":{"name":"ResponseText","value":"@{items('Apply_to_each')?['msdyn_name']}\n\n"}}},"runAfter":{"Get_All_Pet_Services":["Succeeded"]},"type":"Foreach"},"Initialize_variable":{"runAfter":{},"type":"InitializeVariable","inputs":{"variables":[{"name":"ResponseText","type":"string"}]}}},"outputs":{}}},"schemaVersion":"1.0.0.0"}