{
  "NamedEntities": [
    {
      "NamedEntityType": "Regular",
      "SystemNamedEntityTypes": [],
      "Synonyms": [
        "Coat Cut",
        "Fur Trim"
      ],
      "Id": "d62ebea3-b38f-4ced-8f86-115b96c7d792",
      "DisplayName": "Basic Clip",
      "CreatedTime": "0001-01-01T00:00:00",
      "UpdatedTime": "0001-01-01T00:00:00"
    },
    {
      "NamedEntityType": "Regular",
      "SystemNamedEntityTypes": [],
      "Synonyms": [
        "Wash",
        "Shampoo"
      ],
      "Id": "8c1aa633-3d76-4da6-a502-9c9ce9f7f596",
      "DisplayName": "Bath & Blow Dry",
      "CreatedTime": "0001-01-01T00:00:00",
      "UpdatedTime": "0001-01-01T00:00:00"
    },
    {
      "NamedEntityType": "Regular",
      "SystemNamedEntityTypes": [],
      "Synonyms": [
        "Look after",
        "Drop Off"
      ],
      "Id": "a18ae7e8-3376-4e4f-8eb7-97ef87a9de82",
      "DisplayName": "Doggy Day Care",
      "CreatedTime": "0001-01-01T00:00:00",
      "UpdatedTime": "0001-01-01T00:00:00"
    },
    {
      "NamedEntityType": "Regular",
      "SystemNamedEntityTypes": [],
      "Synonyms": [
        "Nail Cutting",
        "Nail cut"
      ],
      "Id": "dfdd8bcd-c059-4a24-968f-c7197297ddc5",
      "DisplayName": "Nail Trim",
      "CreatedTime": "0001-01-01T00:00:00",
      "UpdatedTime": "0001-01-01T00:00:00"
    },
    {
      "NamedEntityType": "Regular",
      "SystemNamedEntityTypes": [],
      "Synonyms": [
        "Celebrations",
        "Weddings",
        "Fancy Dress",
        "Costume Party"
      ],
      "Id": "202138f7-ae62-4246-9356-ec98e23cb5bf",
      "DisplayName": "Special Events & Dress Up",
      "CreatedTime": "0001-01-01T00:00:00",
      "UpdatedTime": "0001-01-01T00:00:00"
    }
  ],
  "ContextVariables": [
    {
      "ContextVariableType": "Regular",
      "SystemVariableTypes": [],
      "SystemType": "Custom",
      "CustomTypeId": "new_customtype_c2503f37569348d483a59098c39e43a4",
      "InitializerType": "UserQuestion",
      "Scope": "Session",
      "GreedySlotFillingEnabled": true,
      "IsInput": false,
      "ExternalInitializationAllowed": true,
      "NamedEntityOptions": [
        "d62ebea3-b38f-4ced-8f86-115b96c7d792",
        "8c1aa633-3d76-4da6-a502-9c9ce9f7f596",
        "a18ae7e8-3376-4e4f-8eb7-97ef87a9de82",
        "dfdd8bcd-c059-4a24-968f-c7197297ddc5",
        "202138f7-ae62-4246-9356-ec98e23cb5bf"
      ],
      "Messages": {
        "GetValue": [
          "732901aa-b0a9-4319-a20c-d1e0f2be834f"
        ]
      },
      "IsGlobal": true,
      "Id": "new_variable_3aa6f32cc3824db786abecb0121539fa_cb33d926d0f447d2be939c158bdc6e41",
      "DisplayName": "ServiceOffering",
      "CreatedTime": "2020-07-05T08:30:39.398Z",
      "UpdatedTime": "2020-07-05T08:30:39.398Z",
      "CreatedUserId": "user-0",
      "UpdatedUserId": "user-0"
    }
  ],
  "SystemIntentIds": {},
  "SystemVariableIds": {},
  "SystemNamedEntityIds": {}
}