{
  "ContextVariables": [
    {
      "ContextVariableType": "Regular",
      "SystemVariableTypes": [],
      "SystemType": "Boolean",
      "InitializerType": "UserQuestion",
      "Scope": "Session",
      "GreedySlotFillingEnabled": true,
      "IsInput": false,
      "ExternalInitializationAllowed": false,
      "Messages": {
        "GetValue": [
          "6aa68382-59bd-49ed-9b3b-82e22e90ff2a"
        ]
      },
      "IsGlobal": true,
      "Id": "new_variable_3aa6f32cc3824db786abecb0121539fa_a94da3eeb42347b8bc90b2d831dc5ec7",
      "DisplayName": "ConfirmBookAppointment",
      "CreatedTime": "2020-08-05T07:54:40.929Z",
      "UpdatedTime": "2020-08-05T07:54:40.929Z",
      "CreatedUserId": "user-0",
      "UpdatedUserId": "user-0"
    }
  ],
  "SystemIntentIds": {},
  "SystemVariableIds": {},
  "SystemNamedEntityIds": {}
}