{
  "Intents": [
    {
      "IntentType": "Regular",
      "SystemIntentTypes": [],
      "TriggerQueries": [
        "set an appointment",
        "Make an appointment",
        "Arrange a time",
        "Appointment with Specialist",
        "Make a booking",
        "Book Appointment"
      ],
      "DialogId": "new_topic_737ce6e2e61d466f9bc4994f3a7b9d52",
      "IsTriggeringEnabled": true,
      "Id": "new_topic_737ce6e2e61d466f9bc4994f3a7b9d52",
      "DisplayName": "Book Appointment for Pet Services",
      "Description": "Provides customers with an option to select a service and book an appointment with a specialist.",
      "CreatedTime": "2020-08-04T07:49:15.8621545Z",
      "UpdatedTime": "2020-08-04T09:06:07.1294817Z",
      "CreatedUserId": "81f17a88-e63e-458c-a3ac-3931f85aae8e",
      "UpdatedUserId": "81f17a88-e63e-458c-a3ac-3931f85aae8e"
    }
  ],
  "Dialogs": [
    {
      "RootNodeId": "a208f81e-2ac9-4b1f-a0b6-208bdc8a541b",
      "DialogType": "Regular",
      "MessageNodes": [
        {
          "BotMessageId": "3e4726b8-159b-4dd8-8c33-374bfcbfe9c1",
          "NodeType": "BotMessageNode",
          "Id": "142b5ef6-286e-4bfc-ba90-a37442b40f3d",
          "DefaultTargetNodeId": "9cde492a-253b-493e-a95b-79c90077608a"
        },
        {
          "BotMessageId": "ef01e7d0-e668-41e6-95d2-34c9ce4fc1d2",
          "NodeType": "BotMessageNode",
          "Id": "9cde492a-253b-493e-a95b-79c90077608a",
          "DefaultTargetNodeId": "d30e6c32-6d44-464b-82ea-f1ce88913f85"
        },
        {
          "BotMessageId": "2508ea7a-579a-4e5c-843e-d792840bf10b",
          "NodeType": "BotMessageNode",
          "Id": "a208f81e-2ac9-4b1f-a0b6-208bdc8a541b",
          "Routes": [
            {
              "Expression": "@equals(parameters('new_variable_3aa6f32cc3824db786abecb0121539fa_cb33d926d0f447d2be939c158bdc6e41'), 'd62ebea3-b38f-4ced-8f86-115b96c7d792')",
              "TargetNodeId": "3621ab6f-e86d-4a6a-a20f-47caf03da38c"
            },
            {
              "Expression": "@equals(parameters('new_variable_3aa6f32cc3824db786abecb0121539fa_cb33d926d0f447d2be939c158bdc6e41'), '8c1aa633-3d76-4da6-a502-9c9ce9f7f596')",
              "TargetNodeId": "3621ab6f-e86d-4a6a-a20f-47caf03da38c"
            },
            {
              "Expression": "@equals(parameters('new_variable_3aa6f32cc3824db786abecb0121539fa_cb33d926d0f447d2be939c158bdc6e41'), 'a18ae7e8-3376-4e4f-8eb7-97ef87a9de82')",
              "TargetNodeId": "3621ab6f-e86d-4a6a-a20f-47caf03da38c"
            },
            {
              "Expression": "@equals(parameters('new_variable_3aa6f32cc3824db786abecb0121539fa_cb33d926d0f447d2be939c158bdc6e41'), 'dfdd8bcd-c059-4a24-968f-c7197297ddc5')",
              "TargetNodeId": "3621ab6f-e86d-4a6a-a20f-47caf03da38c"
            },
            {
              "Expression": "@equals(parameters('new_variable_3aa6f32cc3824db786abecb0121539fa_cb33d926d0f447d2be939c158bdc6e41'), '202138f7-ae62-4246-9356-ec98e23cb5bf')",
              "TargetNodeId": "3621ab6f-e86d-4a6a-a20f-47caf03da38c"
            }
          ],
          "DefaultTargetNodeId": "3621ab6f-e86d-4a6a-a20f-47caf03da38c"
        }
      ],
      "ActionNodes": [
        {
          "InputParameterVariableIdMap": {
            "text": "{new_variable_3aa6f32cc3824db786abecb0121539fa_cb33d926d0f447d2be939c158bdc6e41}",
            "text_1": "{58149c33-ff84-4d09-8fa1-98a47de68fca}"
          },
          "OutputExpressionVariableIds": [
            "98f3e49e-2a18-497e-bf79-9c6c10a98c76"
          ],
          "ContextVariableId": "d7883a56-d349-4962-b6a1-8ce63a62cf45",
          "NodeType": "ActionNode",
          "Id": "1216224f-2a67-497b-9c5b-d914d2819e13",
          "DefaultTargetNodeId": "142b5ef6-286e-4bfc-ba90-a37442b40f3d"
        }
      ],
      "DialogChangeNodes": [
        {
          "TargetDialogId": "new_topic_343a0ee7009648be87df0f0e011ccda5_aeabea4d071f415c8c107e1cb7af5424_assumedsuccess",
          "NodeType": "DialogChangeNode",
          "Id": "d30e6c32-6d44-464b-82ea-f1ce88913f85"
        }
      ],
      "QuestionNodes": [
        {
          "ContextVariableId": "58149c33-ff84-4d09-8fa1-98a47de68fca",
          "NodeType": "QuestionNode",
          "Id": "3621ab6f-e86d-4a6a-a20f-47caf03da38c",
          "DefaultTargetNodeId": "1216224f-2a67-497b-9c5b-d914d2819e13"
        }
      ],
      "Id": "new_topic_737ce6e2e61d466f9bc4994f3a7b9d52",
      "DisplayName": "Dialog for Book Appointment for Pet Services",
      "CreatedTime": "2020-08-04T07:49:15.8621545+00:00",
      "UpdatedTime": "2020-08-05T08:37:18.2109196Z",
      "CreatedUserId": "81f17a88-e63e-458c-a3ac-3931f85aae8e",
      "UpdatedUserId": "81f17a88-e63e-458c-a3ac-3931f85aae8e"
    }
  ],
  "BotMessages": [
    {
      "ChannelContent": {
        "web": {
          "ContentFormat": "Markdown",
          "Content": "Thank you for booking an appointment, you will receive an email shortly to confirm the booking."
        }
      },
      "Id": "3e4726b8-159b-4dd8-8c33-374bfcbfe9c1",
      "CreatedTime": "2020-08-04T07:57:00.437Z",
      "UpdatedTime": "2020-08-04T07:57:00.437Z",
      "CreatedUserId": "user-0",
      "UpdatedUserId": "user-0"
    },
    {
      "ChannelContent": {
        "web": {
          "ContentFormat": "Markdown",
          "Content": "What would be the most convenient time to book an appointment with our Specialists?"
        }
      },
      "Id": "5de77127-2c88-4e7b-b98d-5090179c5158",
      "CreatedTime": "2020-08-04T07:55:13.435Z",
      "UpdatedTime": "2020-08-04T07:55:13.435Z",
      "CreatedUserId": "user-0",
      "UpdatedUserId": "user-0"
    },
    {
      "ChannelContent": {
        "web": {
          "ContentFormat": "Markdown",
          "Content": "Your booking has been made for {new\\_variable\\_3aa6f32cc3824db786abecb0121539fa\\_cb33d926d0f447d2be939c158bdc6e41} at {58149c33-ff84-4d09-8fa1-98a47de68fca}.\n\nLooking forward to seeing you and your paws!"
        }
      },
      "Id": "ef01e7d0-e668-41e6-95d2-34c9ce4fc1d2",
      "CreatedTime": "2020-08-05T07:23:12.063Z",
      "UpdatedTime": "2020-08-05T07:23:12.063Z",
      "CreatedUserId": "user-0",
      "UpdatedUserId": "user-0"
    },
    {
      "ChannelContent": {
        "web": {
          "ContentFormat": "Markdown",
          "Content": "I'd be happy to help you book an appointment today."
        }
      },
      "Id": "2508ea7a-579a-4e5c-843e-d792840bf10b",
      "CreatedTime": "2020-08-05T08:06:45.197Z",
      "UpdatedTime": "2020-08-05T08:06:45.197Z",
      "CreatedUserId": "user-0",
      "UpdatedUserId": "user-0"
    }
  ],
  "ActionDefinitions": [
    {
      "TimeoutInSeconds": 60,
      "RetryCount": 1,
      "Method": 2,
      "Headers": {
        "accept": "application/json"
      },
      "BodyContent": "{\"text\":\"{new_variable_3aa6f32cc3824db786abecb0121539fa_cb33d926d0f447d2be939c158bdc6e41}\",\"text_1\":\"{58149c33-ff84-4d09-8fa1-98a47de68fca}\"}",
      "ActionType": "Flow",
      "FlowMetadata": {
        "Id": "bd0acb75-67d1-ea11-a813-000d3a795fc7",
        "Title": "Pet service Appointment Booking",
        "Description": "Call this flow from Power Virtual Agents.",
        "HttpMethod": 2,
        "InputParameters": [
          {
            "Name": "PetService",
            "Id": "text",
            "Type": "String",
            "Optional": false
          },
          {
            "Name": "AppointmentTime",
            "Id": "text_1",
            "Type": "String",
            "Optional": false
          }
        ],
        "OutputParameters": [
          {
            "Name": "ResponseText",
            "Id": "responsetext",
            "Type": "String",
            "Optional": true
          }
        ],
        "OutputSchemaType": "Json",
        "CreatedTime": "2020-07-29T06:48:11Z",
        "IsEnabled": true,
        "LastModifiedTime": "2020-08-04T06:52:13Z"
      },
      "Id": "d6970415-84a0-4fd2-b62e-75fd144786e2",
      "DisplayName": "Pet service Appointment Booking",
      "Description": "Call this flow from Power Virtual Agents.",
      "CreatedTime": "2020-08-04T07:56:33.109Z",
      "UpdatedTime": "2020-08-04T07:56:33.109Z"
    }
  ],
  "ContextVariables": [
    {
      "ContextVariableType": "Regular",
      "SystemVariableTypes": [],
      "SystemType": "DateTime",
      "InitializerType": "UserQuestion",
      "Scope": "Dialog",
      "GreedySlotFillingEnabled": true,
      "IsInput": false,
      "ExternalInitializationAllowed": false,
      "Messages": {
        "GetValue": [
          "5de77127-2c88-4e7b-b98d-5090179c5158"
        ]
      },
      "IsGlobal": false,
      "Id": "58149c33-ff84-4d09-8fa1-98a47de68fca",
      "DisplayName": "AppointmentTime",
      "CreatedTime": "2020-08-04T07:55:13.435Z",
      "UpdatedTime": "2020-08-04T07:55:13.435Z",
      "CreatedUserId": "user-0",
      "UpdatedUserId": "user-0"
    },
    {
      "ContextVariableType": "Regular",
      "SystemVariableTypes": [],
      "SystemType": "Custom",
      "CustomTypeId": "3a346633-342b-482d-bc19-2aa1c47b6ba0",
      "InitializerType": "Action",
      "Scope": "Dialog",
      "GreedySlotFillingEnabled": false,
      "IsInput": false,
      "ExternalInitializationAllowed": false,
      "Messages": {},
      "ActionId": "d6970415-84a0-4fd2-b62e-75fd144786e2",
      "IsGlobal": false,
      "Id": "d7883a56-d349-4962-b6a1-8ce63a62cf45",
      "DisplayName": "",
      "CreatedTime": "2020-08-04T07:56:33.11Z",
      "UpdatedTime": "2020-08-04T07:56:33.11Z",
      "CreatedUserId": "user-0",
      "UpdatedUserId": "user-0"
    },
    {
      "ContextVariableType": "Regular",
      "SystemVariableTypes": [],
      "SystemType": "String",
      "InitializerType": "Expression",
      "Scope": "Dialog",
      "GreedySlotFillingEnabled": false,
      "IsInput": false,
      "ExternalInitializationAllowed": false,
      "Messages": {},
      "Expression": "@parameters('d7883a56-d349-4962-b6a1-8ce63a62cf45')['responsetext']",
      "IsGlobal": false,
      "Id": "98f3e49e-2a18-497e-bf79-9c6c10a98c76",
      "DisplayName": "ResponseText",
      "CreatedTime": "2020-08-04T07:56:33.11Z",
      "UpdatedTime": "2020-08-04T07:56:33.11Z",
      "CreatedUserId": "user-0",
      "UpdatedUserId": "user-0"
    }
  ],
  "JsonTypes": [
    {
      "CustomTypeSchema": "Json",
      "Id": "3a346633-342b-482d-bc19-2aa1c47b6ba0",
      "DisplayName": "Response Json Type for Flow - Pet service Appointment Booking",
      "CreatedTime": "2020-08-04T07:56:33.11Z",
      "UpdatedTime": "2020-08-04T07:56:33.11Z"
    }
  ],
  "SystemIntentIds": {},
  "SystemVariableIds": {},
  "SystemNamedEntityIds": {}
}