{
  "Intents": [
    {
      "IntentType": "Regular",
      "SystemIntentTypes": [],
      "TriggerQueries": [
        "daily open hours",
        "store hours",
        "when are you open",
        "When are you closed"
      ],
      "DialogId": "new_topic_7c3354a5b3774e8bac457027a44f6a48",
      "IsTriggeringEnabled": true,
      "Id": "new_topic_7c3354a5b3774e8bac457027a44f6a48",
      "DisplayName": "01 - Store opening hours",
      "Description": "",
      "CreatedTime": "2020-07-05T07:55:47.0784564Z",
      "UpdatedTime": "2020-08-05T09:02:21.5781315Z",
      "CreatedUserId": "ec437995-1730-4448-b4dc-b71c68783965",
      "UpdatedUserId": "f55e5da5-bee4-4b56-90f8-cf8374d4ffdc"
    }
  ],
  "Dialogs": [
    {
      "RootNodeId": "7f04d84d-5078-40bc-8803-d7945338c019",
      "DialogType": "Regular",
      "MessageNodes": [
        {
          "BotMessageId": "53d77c46-af26-4cc2-8dc7-6e6df0804cd2",
          "NodeType": "BotMessageNode",
          "Id": "7f04d84d-5078-40bc-8803-d7945338c019",
          "DefaultTargetNodeId": "2066894d-a1ba-43d2-bb69-24526a589eae"
        },
        {
          "BotMessageId": "9ad457b2-917d-4025-b153-af584f068f96",
          "NodeType": "BotMessageNode",
          "Id": "2066894d-a1ba-43d2-bb69-24526a589eae",
          "DefaultTargetNodeId": "21e359aa-18a7-4dd7-baaf-63232f48c292"
        }
      ],
      "DialogChangeNodes": [
        {
          "TargetDialogId": "new_topic_343a0ee7009648be87df0f0e011ccda5_aeabea4d071f415c8c107e1cb7af5424_assumedsuccess",
          "NodeType": "DialogChangeNode",
          "Id": "21e359aa-18a7-4dd7-baaf-63232f48c292"
        }
      ],
      "Id": "new_topic_7c3354a5b3774e8bac457027a44f6a48",
      "DisplayName": "Dialog for 01 - Store opening hours",
      "CreatedTime": "2020-07-05T07:55:47.0784564+00:00",
      "UpdatedTime": "2020-07-05T08:03:58.1132111Z",
      "CreatedUserId": "ec437995-1730-4448-b4dc-b71c68783965",
      "UpdatedUserId": "ec437995-1730-4448-b4dc-b71c68783965"
    }
  ],
  "BotMessages": [
    {
      "ChannelContent": {
        "web": {
          "ContentFormat": "Markdown",
          "Content": "I'd be happy to help confirm store opening hours"
        }
      },
      "Id": "53d77c46-af26-4cc2-8dc7-6e6df0804cd2",
      "CreatedTime": "2020-07-05T07:55:47.0784564+00:00",
      "UpdatedTime": "2020-07-05T07:55:47.0784564+00:00",
      "CreatedUserId": "ec437995-1730-4448-b4dc-b71c68783965",
      "UpdatedUserId": "ec437995-1730-4448-b4dc-b71c68783965"
    },
    {
      "ChannelContent": {
        "web": {
          "ContentFormat": "Markdown",
          "Content": "The Groomalot Kingdom hours are:\n\n*   Mon-Fri: 9am to 5pm\n*   Sat: 10am to 3pm\n*   Sun: 10am to 3pm"
        }
      },
      "Id": "9ad457b2-917d-4025-b153-af584f068f96",
      "CreatedTime": "2020-07-05T07:56:40.695Z",
      "UpdatedTime": "2020-07-05T07:56:40.695Z",
      "CreatedUserId": "user-0",
      "UpdatedUserId": "user-0"
    }
  ],
  "SystemIntentIds": {},
  "SystemVariableIds": {},
  "SystemNamedEntityIds": {}
}