<ImportExportXml version="9.1.0.21041" SolutionPackageVersion="9.1" languagecode="1033" generatedBy="CrmLive" xmlns:xsi="http://www.w3.org/2001/XMLSchema-instance">
  <SolutionManifest>
    <UniqueName>PetCare</UniqueName>
    <LocalizedNames>
      <LocalizedName description="PetCare" languagecode="1033" />
    </LocalizedNames>
    <Descriptions>
      <Description description="Upgrade of PetCare" languagecode="1033" />
    </Descriptions>
    <Version>1.0.0.6</Version>
    <Managed>1</Managed>
    <Publisher>
      <UniqueName>PetCare</UniqueName>
      <LocalizedNames>
        <LocalizedName description="PetCare" languagecode="1033" />
      </LocalizedNames>
      <Descriptions />
      <EMailAddress xsi:nil="true"></EMailAddress>
      <SupportingWebsiteUrl xsi:nil="true"></SupportingWebsiteUrl>
      <CustomizationPrefix>pet</CustomizationPrefix>
      <CustomizationOptionValuePrefix>28385</CustomizationOptionValuePrefix>
      <Addresses>
        <Address>
          <AddressNumber>1</AddressNumber>
          <AddressTypeCode>1</AddressTypeCode>
          <City xsi:nil="true"></City>
          <County xsi:nil="true"></County>
          <Country xsi:nil="true"></Country>
          <Fax xsi:nil="true"></Fax>
          <FreightTermsCode xsi:nil="true"></FreightTermsCode>
          <ImportSequenceNumber xsi:nil="true"></ImportSequenceNumber>
          <Latitude xsi:nil="true"></Latitude>
          <Line1 xsi:nil="true"></Line1>
          <Line2 xsi:nil="true"></Line2>
          <Line3 xsi:nil="true"></Line3>
          <Longitude xsi:nil="true"></Longitude>
          <Name xsi:nil="true"></Name>
          <PostalCode xsi:nil="true"></PostalCode>
          <PostOfficeBox xsi:nil="true"></PostOfficeBox>
          <PrimaryContactName xsi:nil="true"></PrimaryContactName>
          <ShippingMethodCode>1</ShippingMethodCode>
          <StateOrProvince xsi:nil="true"></StateOrProvince>
          <Telephone1 xsi:nil="true"></Telephone1>
          <Telephone2 xsi:nil="true"></Telephone2>
          <Telephone3 xsi:nil="true"></Telephone3>
          <TimeZoneRuleVersionNumber xsi:nil="true"></TimeZoneRuleVersionNumber>
          <UPSZone xsi:nil="true"></UPSZone>
          <UTCOffset xsi:nil="true"></UTCOffset>
          <UTCConversionTimeZoneCode xsi:nil="true"></UTCConversionTimeZoneCode>
        </Address>
        <Address>
          <AddressNumber>2</AddressNumber>
          <AddressTypeCode>1</AddressTypeCode>
          <City xsi:nil="true"></City>
          <County xsi:nil="true"></County>
          <Country xsi:nil="true"></Country>
          <Fax xsi:nil="true"></Fax>
          <FreightTermsCode xsi:nil="true"></FreightTermsCode>
          <ImportSequenceNumber xsi:nil="true"></ImportSequenceNumber>
          <Latitude xsi:nil="true"></Latitude>
          <Line1 xsi:nil="true"></Line1>
          <Line2 xsi:nil="true"></Line2>
          <Line3 xsi:nil="true"></Line3>
          <Longitude xsi:nil="true"></Longitude>
          <Name xsi:nil="true"></Name>
          <PostalCode xsi:nil="true"></PostalCode>
          <PostOfficeBox xsi:nil="true"></PostOfficeBox>
          <PrimaryContactName xsi:nil="true"></PrimaryContactName>
          <ShippingMethodCode>1</ShippingMethodCode>
          <StateOrProvince xsi:nil="true"></StateOrProvince>
          <Telephone1 xsi:nil="true"></Telephone1>
          <Telephone2 xsi:nil="true"></Telephone2>
          <Telephone3 xsi:nil="true"></Telephone3>
          <TimeZoneRuleVersionNumber xsi:nil="true"></TimeZoneRuleVersionNumber>
          <UPSZone xsi:nil="true"></UPSZone>
          <UTCOffset xsi:nil="true"></UTCOffset>
          <UTCConversionTimeZoneCode xsi:nil="true"></UTCConversionTimeZoneCode>
        </Address>
      </Addresses>
    </Publisher>
    <RootComponents>
      <RootComponent type="1" schemaName="account" behavior="1" />
      <RootComponent type="1" schemaName="appointment" behavior="1" />
      <RootComponent type="1" schemaName="contact" behavior="1" />
      <RootComponent type="1" schemaName="msdyn_serviceconfiguration" behavior="0" />
      <RootComponent type="1" schemaName="systemuser" behavior="1" />
      <RootComponent type="29" id="{0edd77b5-96c5-ea11-a812-000d3a7945fb}" behavior="0" />
      <RootComponent type="29" id="{bd0acb75-67d1-ea11-a813-000d3a795fc7}" behavior="0" />
      <RootComponent type="60" id="{2aca4460-69c1-ea11-a812-000d3a7945fb}" behavior="0" />
      <RootComponent type="60" id="{549a8aa3-c349-4ab9-8bac-4873fa9a7a5c}" />
      <RootComponent type="60" id="{c2413504-7eb2-4c59-a087-95d819866114}" behavior="0" />
      <RootComponent type="61" schemaName="pet_petcareappicon" behavior="0" />
      <RootComponent type="62" schemaName="pet_PetCare" behavior="0" />
      <RootComponent type="80" schemaName="pet_PetCare" behavior="0" />
      <RootComponent type="430" schemaName="systemuser" behavior="0" />
    </RootComponents>
    <MissingDependencies>
      <MissingDependency>
        <Required key="0" type="1" schemaName="msdyn_serviceconfiguration" displayName="Pet Services" solution="msdynce_ServiceLevelAgreementExtension (9.0.20053.1030)" />
        <Dependent key="0" type="1" schemaName="msdyn_serviceconfiguration" displayName="Pet Services" />
      </MissingDependency>
      <MissingDependency>
        <Required key="1" type="1" schemaName="incident" displayName="Case" solution="msdynce_Service (9.0.5.56)" />
        <Dependent key="2" type="62" schemaName="pet_PetCare" />
      </MissingDependency>
      <MissingDependency>
        <Required key="3" type="2" schemaName="statecode" displayName="Status" parentSchemaName="msdyn_serviceconfiguration" parentDisplayName="Pet Services" solution="msdynce_ServiceLevelAgreementExtension (9.0.20053.1030)" />
        <Dependent key="4" type="26" schemaName="Active Service Configurations" displayName="Active Service Configurations" parentSchemaName="msdyn_serviceconfiguration" parentDisplayName="Pet Services" id="{67153695-31bb-47ba-bf9a-1902e86cc349}" />
      </MissingDependency>
      <MissingDependency>
        <Required key="5" type="2" schemaName="createdon" displayName="Created On" parentSchemaName="msdyn_serviceconfiguration" parentDisplayName="Pet Services" solution="msdynce_ServiceLevelAgreementExtension (9.0.20053.1030)" />
        <Dependent key="4" type="26" schemaName="Active Service Configurations" displayName="Active Service Configurations" parentSchemaName="msdyn_serviceconfiguration" parentDisplayName="Pet Services" id="{67153695-31bb-47ba-bf9a-1902e86cc349}" />
      </MissingDependency>
      <MissingDependency>
        <Required key="6" type="2" schemaName="msdyn_serviceconfigurationid" displayName="Service Configuration" parentSchemaName="msdyn_serviceconfiguration" parentDisplayName="Pet Services" solution="msdynce_ServiceLevelAgreementExtension (9.0.20053.1030)" />
        <Dependent key="4" type="26" schemaName="Active Service Configurations" displayName="Active Service Configurations" parentSchemaName="msdyn_serviceconfiguration" parentDisplayName="Pet Services" id="{67153695-31bb-47ba-bf9a-1902e86cc349}" />
      </MissingDependency>
      <MissingDependency>
        <Required key="7" type="2" schemaName="msdyn_name" displayName="Name" parentSchemaName="msdyn_serviceconfiguration" parentDisplayName="Pet Services" solution="msdynce_ServiceLevelAgreementExtension (9.0.20053.1030)" />
        <Dependent key="4" type="26" schemaName="Active Service Configurations" displayName="Active Service Configurations" parentSchemaName="msdyn_serviceconfiguration" parentDisplayName="Pet Services" id="{67153695-31bb-47ba-bf9a-1902e86cc349}" />
      </MissingDependency>
      <MissingDependency>
        <Required key="4" type="26" schemaName="Active Service Configurations" displayName="Active Service Configurations" parentSchemaName="msdyn_serviceconfiguration" parentDisplayName="Pet Services" solution="msdynce_ServiceLevelAgreementExtension (9.0.20053.1030)" id="{67153695-31bb-47ba-bf9a-1902e86cc349}" />
        <Dependent key="4" type="26" schemaName="Active Service Configurations" displayName="Active Service Configurations" parentSchemaName="msdyn_serviceconfiguration" parentDisplayName="Pet Services" id="{67153695-31bb-47ba-bf9a-1902e86cc349}" />
      </MissingDependency>
      <MissingDependency>
        <Required key="6" type="2" schemaName="msdyn_serviceconfigurationid" displayName="Service Configuration" parentSchemaName="msdyn_serviceconfiguration" parentDisplayName="Pet Services" solution="msdynce_ServiceLevelAgreementExtension (9.0.20053.1030)" />
        <Dependent key="8" type="26" schemaName="All Appointments" displayName="All Appointments" parentSchemaName="appointment" parentDisplayName="Appointment" id="{5b5f75f6-b585-4212-952a-b4cbb64e2627}" />
      </MissingDependency>
      <MissingDependency>
        <Required key="6" type="2" schemaName="msdyn_serviceconfigurationid" displayName="Service Configuration" parentSchemaName="msdyn_serviceconfiguration" parentDisplayName="Pet Services" solution="msdynce_ServiceLevelAgreementExtension (9.0.20053.1030)" />
        <Dependent key="9" type="10" schemaName="pet_Appointment_PetServiceId_msdyn_servicecon" displayName="pet_Appointment_PetServiceId_msdyn_servicecon" parentSchemaName="msdyn_serviceconfiguration" parentDisplayName="Pet Services" />
      </MissingDependency>
      <MissingDependency>
        <Required key="7" type="2" schemaName="msdyn_name" displayName="Name" parentSchemaName="msdyn_serviceconfiguration" parentDisplayName="Pet Services" solution="msdynce_ServiceLevelAgreementExtension (9.0.20053.1030)" />
        <Dependent key="9" type="10" schemaName="pet_Appointment_PetServiceId_msdyn_servicecon" displayName="pet_Appointment_PetServiceId_msdyn_servicecon" parentSchemaName="msdyn_serviceconfiguration" parentDisplayName="Pet Services" />
      </MissingDependency>
      <MissingDependency>
        <Required key="7" type="2" schemaName="msdyn_name" displayName="Name" parentSchemaName="msdyn_serviceconfiguration" parentDisplayName="Pet Services" solution="msdynce_ServiceLevelAgreementExtension (9.0.20053.1030)" />
        <Dependent key="10" type="60" displayName="Information" parentDisplayName="Pet Services" id="{b5de8b40-e2af-480d-9e13-b315f52b5191}" />
      </MissingDependency>
      <MissingDependency>
        <Required key="10" type="60" displayName="Information" parentDisplayName="Pet Services" solution="msdynce_ServiceLevelAgreementExtension (9.0.20053.1030)" id="{b5de8b40-e2af-480d-9e13-b315f52b5191}" />
        <Dependent key="10" type="60" displayName="Information" parentDisplayName="Pet Services" id="{b5de8b40-e2af-480d-9e13-b315f52b5191}" />
      </MissingDependency>
      <MissingDependency>
        <Required key="11" type="60" displayName="Appointment" parentDisplayName="Appointment" solution="msdynce_Activities (9.0.1.2033)" id="{549a8aa3-c349-4ab9-8bac-4873fa9a7a5c}" />
        <Dependent key="11" type="60" displayName="Appointment" parentDisplayName="Appointment" id="{549a8aa3-c349-4ab9-8bac-4873fa9a7a5c}" />
      </MissingDependency>
      <MissingDependency>
        <Required key="12" type="60" displayName="User form – Business" parentDisplayName="Pet Carer" solution="msdynce_AppCommon (9.0.4.0066)" id="{c2413504-7eb2-4c59-a087-95d819866114}" />
        <Dependent key="12" type="60" displayName="User form – Business" parentDisplayName="Pet Carer" id="{c2413504-7eb2-4c59-a087-95d819866114}" />
      </MissingDependency>
    </MissingDependencies>
  </SolutionManifest>
</ImportExportXml>