{
  "Intents": [
    {
      "IntentType": "Regular",
      "SystemIntentTypes": [],
      "TriggerQueries": [
        "What grooming services do you offer",
        "Grooming options",
        "Pet Hygiene",
        "Cleaning",
        "Grooming services offered",
        "Pet care",
        "Services available",
        "What services do you offer"
      ],
      "DialogId": "new_topic_784c321a8dea46a39e713cfd18bba224",
      "IsTriggeringEnabled": true,
      "Id": "new_topic_784c321a8dea46a39e713cfd18bba224",
      "DisplayName": "02PC - Get Info on Services Offered",
      "Description": "Provides detailed information on the services offered at the PetCare and specific costs based on size and coat length of the pet.",
      "CreatedTime": "2020-07-05T08:24:33.3473692Z",
      "UpdatedTime": "2020-08-04T09:01:44.8682412Z",
      "CreatedUserId": "ec437995-1730-4448-b4dc-b71c68783965",
      "UpdatedUserId": "81f17a88-e63e-458c-a3ac-3931f85aae8e"
    }
  ],
  "Dialogs": [
    {
      "RootNodeId": "839cc3ec-6a60-497f-8330-fe304b54ea0c",
      "DialogType": "Regular",
      "MessageNodes": [
        {
          "BotMessageId": "c7bb9bcd-e446-4adc-944e-73f80d153461",
          "NodeType": "BotMessageNode",
          "Id": "839cc3ec-6a60-497f-8330-fe304b54ea0c",
          "DefaultTargetNodeId": "396162c6-e1e5-4dfa-b9ba-67ef353aac59"
        },
        {
          "BotMessageId": "6e5b0cd8-023b-40bf-8337-3db49516ef9f",
          "NodeType": "BotMessageNode",
          "Id": "5ea2196e-3e73-4c73-b8d9-dabb72611565",
          "DefaultTargetNodeId": "c6eacaef-29c0-4b93-b7ff-071fcc9b6685"
        },
        {
          "BotMessageId": "d2da3452-bd81-4f3b-b435-a9c496ddb574",
          "NodeType": "BotMessageNode",
          "Id": "301182e7-d188-4868-b37e-cfde1f4e05e0",
          "DefaultTargetNodeId": "c6eacaef-29c0-4b93-b7ff-071fcc9b6685"
        },
        {
          "BotMessageId": "df8ddc85-e1cf-49ff-838f-c2c362206fd3",
          "NodeType": "BotMessageNode",
          "Id": "da9a9a3d-68d7-4412-a733-f95881603dfa",
          "DefaultTargetNodeId": "c6eacaef-29c0-4b93-b7ff-071fcc9b6685"
        },
        {
          "BotMessageId": "86c11ecb-19a8-4532-a833-d5ef6767c687",
          "NodeType": "BotMessageNode",
          "Id": "daa842f5-876a-4c64-b3e4-30a71315c868",
          "DefaultTargetNodeId": "c6eacaef-29c0-4b93-b7ff-071fcc9b6685"
        },
        {
          "BotMessageId": "a70205d4-b638-4ce8-835d-754172b5d603",
          "NodeType": "BotMessageNode",
          "Id": "48848567-5813-40c9-b77a-901da4bb1899",
          "DefaultTargetNodeId": "c6eacaef-29c0-4b93-b7ff-071fcc9b6685"
        }
      ],
      "DialogChangeNodes": [
        {
          "TargetDialogId": "new_topic_737ce6e2e61d466f9bc4994f3a7b9d52",
          "NodeType": "DialogChangeNode",
          "Id": "cffc0706-6a44-45ad-a3c5-943d5fec9862"
        }
      ],
      "QuestionNodes": [
        {
          "ContextVariableId": "new_variable_3aa6f32cc3824db786abecb0121539fa_cb33d926d0f447d2be939c158bdc6e41",
          "NodeType": "QuestionNode",
          "Id": "396162c6-e1e5-4dfa-b9ba-67ef353aac59",
          "Routes": [
            {
              "Expression": "@equals(parameters('new_variable_3aa6f32cc3824db786abecb0121539fa_cb33d926d0f447d2be939c158bdc6e41'), 'a18ae7e8-3376-4e4f-8eb7-97ef87a9de82')",
              "TargetNodeId": "5ea2196e-3e73-4c73-b8d9-dabb72611565"
            },
            {
              "Expression": "@equals(parameters('new_variable_3aa6f32cc3824db786abecb0121539fa_cb33d926d0f447d2be939c158bdc6e41'), 'd62ebea3-b38f-4ced-8f86-115b96c7d792')",
              "TargetNodeId": "301182e7-d188-4868-b37e-cfde1f4e05e0"
            },
            {
              "Expression": "@equals(parameters('new_variable_3aa6f32cc3824db786abecb0121539fa_cb33d926d0f447d2be939c158bdc6e41'), 'dfdd8bcd-c059-4a24-968f-c7197297ddc5')",
              "TargetNodeId": "da9a9a3d-68d7-4412-a733-f95881603dfa"
            },
            {
              "Expression": "@equals(parameters('new_variable_3aa6f32cc3824db786abecb0121539fa_cb33d926d0f447d2be939c158bdc6e41'), '8c1aa633-3d76-4da6-a502-9c9ce9f7f596')",
              "TargetNodeId": "daa842f5-876a-4c64-b3e4-30a71315c868"
            },
            {
              "Expression": "@equals(parameters('new_variable_3aa6f32cc3824db786abecb0121539fa_cb33d926d0f447d2be939c158bdc6e41'), '202138f7-ae62-4246-9356-ec98e23cb5bf')",
              "TargetNodeId": "48848567-5813-40c9-b77a-901da4bb1899"
            }
          ],
          "DefaultTargetNodeId": "c6eacaef-29c0-4b93-b7ff-071fcc9b6685"
        },
        {
          "ContextVariableId": "new_variable_3aa6f32cc3824db786abecb0121539fa_a94da3eeb42347b8bc90b2d831dc5ec7",
          "NodeType": "QuestionNode",
          "Id": "c6eacaef-29c0-4b93-b7ff-071fcc9b6685",
          "DefaultTargetNodeId": "cffc0706-6a44-45ad-a3c5-943d5fec9862"
        }
      ],
      "Id": "new_topic_784c321a8dea46a39e713cfd18bba224",
      "DisplayName": "Dialog for 02 - Services Offered",
      "CreatedTime": "2020-07-05T08:24:33.3473692+00:00",
      "UpdatedTime": "2020-08-06T08:33:59.4017213Z",
      "CreatedUserId": "ec437995-1730-4448-b4dc-b71c68783965",
      "UpdatedUserId": "81f17a88-e63e-458c-a3ac-3931f85aae8e"
    }
  ],
  "BotMessages": [
    {
      "ChannelContent": {
        "web": {
          "ContentFormat": "Markdown",
          "Content": "I'd be glad to help list services we offer."
        }
      },
      "Id": "c7bb9bcd-e446-4adc-944e-73f80d153461",
      "CreatedTime": "2020-07-05T08:24:33.3473692+00:00",
      "UpdatedTime": "2020-07-05T08:24:33.3473692+00:00",
      "CreatedUserId": "ec437995-1730-4448-b4dc-b71c68783965",
      "UpdatedUserId": "ec437995-1730-4448-b4dc-b71c68783965"
    },
    {
      "ChannelContent": {
        "web": {
          "ContentFormat": "Markdown",
          "Content": "Here are the services we offer.\n\nSelect the one you're interested in."
        }
      },
      "Id": "732901aa-b0a9-4319-a20c-d1e0f2be834f",
      "CreatedTime": "2020-07-05T08:30:39.398Z",
      "UpdatedTime": "2020-07-05T08:30:39.398Z",
      "CreatedUserId": "user-0",
      "UpdatedUserId": "user-0"
    },
    {
      "ChannelContent": {
        "web": {
          "ContentFormat": "Markdown",
          "Content": "Our {new\\_variable\\_3aa6f32cc3824db786abecb0121539fa\\_cb33d926d0f447d2be939c158bdc6e41} day stay without any additional services is $25 for pooches up to 10kg."
        }
      },
      "Id": "6e5b0cd8-023b-40bf-8337-3db49516ef9f",
      "CreatedTime": "2020-07-05T08:40:15.734Z",
      "UpdatedTime": "2020-07-05T08:40:15.734Z",
      "CreatedUserId": "user-0",
      "UpdatedUserId": "user-0"
    },
    {
      "ChannelContent": {
        "web": {
          "ContentFormat": "Markdown",
          "Content": "Our {new\\_variable\\_3aa6f32cc3824db786abecb0121539fa\\_cb33d926d0f447d2be939c158bdc6e41} costs vary based on the size of your pet and the length of their fur:\n\n*   **Short fur**\n    *   Small up to 10kg: $85\n    *   Medium between 10.1kg-15kg: $95\n*   **Long fur**\n    *   Small up to 10kg: $95\n    *   Medium between 10.1kg-15kg: $105"
        }
      },
      "Id": "d2da3452-bd81-4f3b-b435-a9c496ddb574",
      "CreatedTime": "2020-07-05T08:42:14.306Z",
      "UpdatedTime": "2020-07-05T08:42:14.306Z",
      "CreatedUserId": "user-0",
      "UpdatedUserId": "user-0"
    },
    {
      "ChannelContent": {
        "web": {
          "ContentFormat": "Markdown",
          "Content": "Our {new\\_variable\\_3aa6f32cc3824db786abecb0121539fa\\_cb33d926d0f447d2be939c158bdc6e41} is $19 while you wait."
        }
      },
      "Id": "df8ddc85-e1cf-49ff-838f-c2c362206fd3",
      "CreatedTime": "2020-07-05T08:49:02.69Z",
      "UpdatedTime": "2020-07-05T08:49:02.69Z",
      "CreatedUserId": "user-0",
      "UpdatedUserId": "user-0"
    },
    {
      "ChannelContent": {
        "web": {
          "ContentFormat": "Markdown",
          "Content": "Our {new\\_variable\\_3aa6f32cc3824db786abecb0121539fa\\_cb33d926d0f447d2be939c158bdc6e41}costs vary based on the size of your pet and the length of their fur:\n\n*   **Short fur**\n    *   Small up to 10kg: $45\n    *   Medium between 10.1kg-15kg: $55\n*   **Long fur**\n    *   Small up to 10kg: $55\n    *   Medium between 10.1kg-15kg: $65"
        }
      },
      "Id": "86c11ecb-19a8-4532-a833-d5ef6767c687",
      "CreatedTime": "2020-07-05T08:49:39.071Z",
      "UpdatedTime": "2020-07-05T08:49:39.071Z",
      "CreatedUserId": "user-0",
      "UpdatedUserId": "user-0"
    },
    {
      "ChannelContent": {
        "web": {
          "ContentFormat": "Markdown",
          "Content": "Do you want to book an appointment?"
        }
      },
      "Id": "6aa68382-59bd-49ed-9b3b-82e22e90ff2a",
      "CreatedTime": "2020-08-05T07:54:40.928Z",
      "UpdatedTime": "2020-08-05T07:54:40.928Z",
      "CreatedUserId": "user-0",
      "UpdatedUserId": "user-0"
    },
    {
      "ChannelContent": {
        "web": {
          "ContentFormat": "Markdown",
          "Content": "Our {new\\_variable\\_3aa6f32cc3824db786abecb0121539fa\\_cb33d926d0f447d2be939c158bdc6e41} costs vary based on the grooming and costume availability. \n\nWhen you book an appointment, one of our Specialists will call you to discuss what you need so we can prepare a quote in advance."
        }
      },
      "Id": "a70205d4-b638-4ce8-835d-754172b5d603",
      "CreatedTime": "2020-08-06T08:32:10.916Z",
      "UpdatedTime": "2020-08-06T08:32:10.916Z",
      "CreatedUserId": "user-0",
      "UpdatedUserId": "user-0"
    }
  ],
  "SystemIntentIds": {},
  "SystemVariableIds": {},
  "SystemNamedEntityIds": {}
}