{"properties":{"connectionReferences":{"shared_commondataserviceforapps":{"runtimeSource":"embedded","connection":{},"api":{"name":"shared_commondataserviceforapps"}}},"definition":{"$schema":"https://schema.management.azure.com/providers/Microsoft.Logic/schemas/2016-06-01/workflowdefinition.json#","contentVersion":"1.0.0.0","parameters":{"$connections":{"defaultValue":{},"type":"Object"},"$authentication":{"defaultValue":{},"type":"SecureObject"}},"triggers":{"manual":{"type":"Request","kind":"VirtualAgent","inputs":{"schema":{"type":"object","properties":{"text":{"title":"PetService","type":"string","x-ms-dynamically-added":true,"description":"Please enter your input","x-ms-content-hint":"TEXT"},"text_1":{"title":"AppointmentTime","type":"string","x-ms-dynamically-added":true,"description":"Please enter your input","x-ms-content-hint":"TEXT"}},"required":["text","text_1"]}}}},"actions":{"Return_value(s)_to_Power_Virtual_Agents":{"runAfter":{"Apply_to_each":["Succeeded"]},"type":"Response","kind":"VirtualAgent","inputs":{"statusCode":200,"body":{"responsetext":"@variables('ResponseText')"},"schema":{"type":"object","properties":{"responsetext":{"title":"ResponseText","x-ms-dynamically-added":true,"type":"string"}}}}},"Get_PetService":{"runAfter":{"Initialize_ResponseText":["Succeeded"]},"type":"OpenApiConnection","inputs":{"host":{"connectionName":"shared_commondataserviceforapps","operationId":"ListRecords","apiId":"/providers/Microsoft.PowerApps/apis/shared_commondataserviceforapps"},"parameters":{"entityName":"msdyn_serviceconfigurations","$filter":"msdyn_name eq '@{triggerBody()['text']}'","$top":1},"authentication":"@parameters('$authentication')"}},"Apply_to_each":{"foreach":"@outputs('Get_PetService')?['body/value']","actions":{"Apply_to_each_2":{"foreach":"@outputs('Get_Customer')?['body/value']","actions":{"Create_Appointment":{"runAfter":{},"type":"OpenApiConnection","inputs":{"host":{"connectionName":"shared_commondataserviceforapps","operationId":"CreateRecord","apiId":"/providers/Microsoft.PowerApps/apis/shared_commondataserviceforapps"},"parameters":{"entityName":"appointments","item/scheduledend":"@variables('AppointmentEndTime')","item/pet_PetServiceId_Appointment@odata.bind":"@items('Apply_to_each')?['@odata.id']","item/scheduledstart":"@body('ConvertedAppointmentTime')","item/subject":"@triggerBody()['text']","item/scheduleddurationminutes":"@items('Apply_to_each')?['pet_durationmins']","item/regardingobjectid_contact_appointment@odata.bind":"@items('Apply_to_each_2')?['@odata.id']","item/activitypointer_activity_parties":[{"participationtypemask":5,"partyid@odata.bind":"@items('Apply_to_each_2')?['@odata.id']"}]},"authentication":"@parameters('$authentication')"}},"Set_variable":{"runAfter":{"Create_Appointment":["Succeeded"]},"type":"SetVariable","inputs":{"name":"ResponseText","value":"Your booking has been made for @{outputs('Create_Appointment')?['body/scheduledstart']} to @{outputs('Create_Appointment')?['body/scheduledend']}."}}},"runAfter":{},"type":"Foreach"}},"runAfter":{"Initialize_AppointmentEndTime":["Succeeded"]},"type":"Foreach"},"Get_Customer":{"runAfter":{"Initialize_ServiceDuration":["Succeeded"]},"type":"OpenApiConnection","inputs":{"host":{"connectionName":"shared_commondataserviceforapps","operationId":"ListRecords","apiId":"/providers/Microsoft.PowerApps/apis/shared_commondataserviceforapps"},"parameters":{"entityName":"contacts","$filter":"firstname eq 'Tae'","$top":1},"authentication":"@parameters('$authentication')"}},"Initialize_ServiceDuration":{"runAfter":{"Init_PetServiceId":["Succeeded"]},"type":"InitializeVariable","inputs":{"variables":[{"name":"ServiceDuration","type":"integer","value":"@first(outputs('Get_PetService')?['body/value']).pet_durationmins"}]}},"ConvertedAppointmentTime":{"runAfter":{"Get_Customer":["Succeeded"]},"type":"Expression","kind":"ConvertTimeZone","inputs":{"baseTime":"@triggerBody()['text_1']","formatString":"u","sourceTimeZone":"AUS Eastern Standard Time","destinationTimeZone":"UTC"}},"Initialize_AppointmentEndTime":{"runAfter":{"ConvertedAppointmentTime":["Succeeded"]},"type":"InitializeVariable","inputs":{"variables":[{"name":"AppointmentEndTime","type":"string","value":"@{addMinutes(body('ConvertedAppointmentTime'), variables('ServiceDuration'))}"}]}},"Init_PetServiceId":{"runAfter":{"Get_PetService":["Succeeded"]},"type":"InitializeVariable","inputs":{"variables":[{"name":"PetServiceId","type":"string","value":"@{first(outputs('Get_PetService')?['body/value']).msdyn_serviceconfigurationid}"}]}},"Initialize_ResponseText":{"runAfter":{},"type":"InitializeVariable","inputs":{"variables":[{"name":"ResponseText","type":"string"}]}}},"outputs":{}}},"schemaVersion":"1.0.0.0"}