{
  "Intents": [
    {
      "IntentType": "Regular",
      "SystemIntentTypes": [],
      "TriggerQueries": [
        "make appointment"
      ],
      "DialogId": "new_topic_61464eda8bcb417494ff5b8bb887bae9",
      "IsTriggeringEnabled": false,
      "Id": "new_topic_61464eda8bcb417494ff5b8bb887bae9",
      "DisplayName": "TEST Create Appointment",
      "Description": "",
      "CreatedTime": "2020-07-29T06:35:45.5461742Z",
      "UpdatedTime": "2020-08-05T07:43:39.7756084Z",
      "CreatedUserId": "f55e5da5-bee4-4b56-90f8-cf8374d4ffdc",
      "UpdatedUserId": "81f17a88-e63e-458c-a3ac-3931f85aae8e"
    }
  ],
  "NamedEntities": [
    {
      "NamedEntityType": "Regular",
      "SystemNamedEntityTypes": [],
      "Id": "57238340-0092-44c1-a10c-98f6bb8f2a53",
      "DisplayName": "Basic Clip",
      "CreatedTime": "0001-01-01T00:00:00",
      "UpdatedTime": "0001-01-01T00:00:00"
    },
    {
      "NamedEntityType": "Regular",
      "SystemNamedEntityTypes": [],
      "Id": "e09fbf95-49d6-421b-aee4-924709b0eeeb",
      "DisplayName": "Special Events & Dress Up",
      "CreatedTime": "0001-01-01T00:00:00",
      "UpdatedTime": "0001-01-01T00:00:00"
    },
    {
      "NamedEntityType": "Regular",
      "SystemNamedEntityTypes": [],
      "Id": "c102dd26-1d95-414b-865c-6e07c1b0ea3c",
      "DisplayName": "Bath & Blow Dry",
      "CreatedTime": "0001-01-01T00:00:00",
      "UpdatedTime": "0001-01-01T00:00:00"
    },
    {
      "NamedEntityType": "Regular",
      "SystemNamedEntityTypes": [],
      "Id": "8ad37736-d276-4caa-81b9-a524e207454b",
      "DisplayName": "Doggy Day Care",
      "CreatedTime": "0001-01-01T00:00:00",
      "UpdatedTime": "0001-01-01T00:00:00"
    },
    {
      "NamedEntityType": "Regular",
      "SystemNamedEntityTypes": [],
      "Id": "a009e906-d907-4d47-a7f0-7dbcb24b2450",
      "DisplayName": "Nail Trim",
      "CreatedTime": "0001-01-01T00:00:00",
      "UpdatedTime": "0001-01-01T00:00:00"
    }
  ],
  "Dialogs": [
    {
      "RootNodeId": "31712537-e1b9-43ae-a850-0bbf7b70dc72",
      "DialogType": "Regular",
      "MessageNodes": [
        {
          "BotMessageId": "03310d7a-e884-466e-a35f-6334b1251bf9",
          "NodeType": "BotMessageNode",
          "Id": "8479adf6-f6a3-4be9-bc9e-cd8d83b8248f"
        }
      ],
      "ActionNodes": [
        {
          "InputParameterVariableIdMap": {
            "text": "{2e3ef2fd-358d-4939-9f79-a2a0de0982a5}",
            "text_1": "{03f54132-c76c-447a-b8e8-a097927cae45}"
          },
          "OutputExpressionVariableIds": [
            "7389b5d1-dce2-4125-9d3e-7511963740a5"
          ],
          "ContextVariableId": "344dbefc-1c43-4237-a725-7ac7c1dfa3f0",
          "NodeType": "ActionNode",
          "Id": "639523b2-c0e0-47e8-b7cb-992b51605075",
          "DefaultTargetNodeId": "8479adf6-f6a3-4be9-bc9e-cd8d83b8248f"
        }
      ],
      "QuestionNodes": [
        {
          "ContextVariableId": "2e3ef2fd-358d-4939-9f79-a2a0de0982a5",
          "NodeType": "QuestionNode",
          "Id": "31712537-e1b9-43ae-a850-0bbf7b70dc72",
          "DefaultTargetNodeId": "43344ca7-c358-43e3-874d-e2c3e21856bc"
        },
        {
          "ContextVariableId": "03f54132-c76c-447a-b8e8-a097927cae45",
          "NodeType": "QuestionNode",
          "Id": "43344ca7-c358-43e3-874d-e2c3e21856bc",
          "DefaultTargetNodeId": "639523b2-c0e0-47e8-b7cb-992b51605075"
        }
      ],
      "Id": "new_topic_61464eda8bcb417494ff5b8bb887bae9",
      "DisplayName": "Dialog for TET Create Appointment",
      "CreatedTime": "2020-07-29T06:35:45.5451755+00:00",
      "UpdatedTime": "2020-08-04T05:54:54.3106058Z",
      "CreatedUserId": "f55e5da5-bee4-4b56-90f8-cf8374d4ffdc",
      "UpdatedUserId": "f55e5da5-bee4-4b56-90f8-cf8374d4ffdc"
    }
  ],
  "BotMessages": [
    {
      "ChannelContent": {
        "web": {
          "ContentFormat": "Markdown",
          "Content": "We are here to help you making an appointment online,\n\nwhich service do you want to choose?"
        }
      },
      "Id": "13933e0d-b5c7-47a4-82d9-565db64a60b6",
      "CreatedTime": "2020-07-29T06:38:17.292Z",
      "UpdatedTime": "2020-07-29T06:38:17.292Z",
      "CreatedUserId": "user-0",
      "UpdatedUserId": "user-0"
    },
    {
      "ChannelContent": {
        "web": {
          "ContentFormat": "Markdown",
          "Content": "Thank you we have received your booking request {7389b5d1-dce2-4125-9d3e-7511963740a5}, we will notify you once the booking is confirmed."
        }
      },
      "Id": "03310d7a-e884-466e-a35f-6334b1251bf9",
      "CreatedTime": "2020-08-04T05:45:10.884Z",
      "UpdatedTime": "2020-08-04T05:45:10.884Z",
      "CreatedUserId": "user-0",
      "UpdatedUserId": "user-0"
    },
    {
      "ChannelContent": {
        "web": {
          "ContentFormat": "Markdown",
          "Content": "What time suits you?"
        }
      },
      "Id": "391888ba-2640-48cc-88c7-3f2cafcfe2b3",
      "CreatedTime": "2020-08-04T05:43:45.497Z",
      "UpdatedTime": "2020-08-04T05:43:45.497Z",
      "CreatedUserId": "user-0",
      "UpdatedUserId": "user-0"
    }
  ],
  "ActionDefinitions": [
    {
      "TimeoutInSeconds": 60,
      "RetryCount": 1,
      "Method": 2,
      "Headers": {
        "accept": "application/json"
      },
      "BodyContent": "{\"text\":\"{2e3ef2fd-358d-4939-9f79-a2a0de0982a5}\",\"text_1\":\"{03f54132-c76c-447a-b8e8-a097927cae45}\"}",
      "ActionType": "Flow",
      "FlowMetadata": {
        "Id": "bd0acb75-67d1-ea11-a813-000d3a795fc7",
        "Title": "Pet service Appointment Booking",
        "Description": "Call this flow from Power Virtual Agents.",
        "HttpMethod": 2,
        "InputParameters": [
          {
            "Name": "PetService",
            "Id": "text",
            "Type": "String",
            "Optional": false
          },
          {
            "Name": "AppointmentTime",
            "Id": "text_1",
            "Type": "String",
            "Optional": false
          }
        ],
        "OutputParameters": [
          {
            "Name": "ResponseText",
            "Id": "responsetext",
            "Type": "String",
            "Optional": true
          }
        ],
        "OutputSchemaType": "Json",
        "CreatedTime": "2020-07-29T06:48:11Z",
        "IsEnabled": true,
        "LastModifiedTime": "2020-08-03T12:57:28Z"
      },
      "Id": "55a54c41-beac-4165-b728-c0d068f6299d",
      "DisplayName": "Pet service Appointment Booking",
      "Description": "Call this flow from Power Virtual Agents.",
      "CreatedTime": "2020-08-04T05:43:07.321Z",
      "UpdatedTime": "2020-08-04T05:43:07.321Z"
    }
  ],
  "ContextVariables": [
    {
      "ContextVariableType": "Regular",
      "SystemVariableTypes": [],
      "SystemType": "String",
      "InitializerType": "UserQuestion",
      "Scope": "Dialog",
      "GreedySlotFillingEnabled": true,
      "IsInput": false,
      "ExternalInitializationAllowed": false,
      "NamedEntityOptions": [
        "57238340-0092-44c1-a10c-98f6bb8f2a53",
        "e09fbf95-49d6-421b-aee4-924709b0eeeb",
        "c102dd26-1d95-414b-865c-6e07c1b0ea3c",
        "8ad37736-d276-4caa-81b9-a524e207454b",
        "a009e906-d907-4d47-a7f0-7dbcb24b2450"
      ],
      "Messages": {
        "GetValue": [
          "13933e0d-b5c7-47a4-82d9-565db64a60b6"
        ]
      },
      "IsGlobal": false,
      "Id": "2e3ef2fd-358d-4939-9f79-a2a0de0982a5",
      "DisplayName": "ChoosenService",
      "CreatedTime": "2020-07-29T06:38:17.292Z",
      "UpdatedTime": "2020-07-29T06:38:17.292Z",
      "CreatedUserId": "user-0",
      "UpdatedUserId": "user-0"
    },
    {
      "ContextVariableType": "Regular",
      "SystemVariableTypes": [],
      "SystemType": "DateTime",
      "InitializerType": "UserQuestion",
      "Scope": "Dialog",
      "GreedySlotFillingEnabled": true,
      "IsInput": false,
      "ExternalInitializationAllowed": false,
      "Messages": {
        "GetValue": [
          "391888ba-2640-48cc-88c7-3f2cafcfe2b3"
        ]
      },
      "IsGlobal": false,
      "Id": "03f54132-c76c-447a-b8e8-a097927cae45",
      "DisplayName": "AppointmentTime",
      "CreatedTime": "2020-08-04T05:43:45.497Z",
      "UpdatedTime": "2020-08-04T05:43:45.497Z",
      "CreatedUserId": "user-0",
      "UpdatedUserId": "user-0"
    },
    {
      "ContextVariableType": "Regular",
      "SystemVariableTypes": [],
      "SystemType": "Custom",
      "CustomTypeId": "2af1eefd-e170-4dd1-9ed8-6c51bf2ad621",
      "InitializerType": "Action",
      "Scope": "Dialog",
      "GreedySlotFillingEnabled": false,
      "IsInput": false,
      "ExternalInitializationAllowed": false,
      "Messages": {},
      "ActionId": "55a54c41-beac-4165-b728-c0d068f6299d",
      "IsGlobal": false,
      "Id": "344dbefc-1c43-4237-a725-7ac7c1dfa3f0",
      "DisplayName": "",
      "CreatedTime": "2020-08-04T05:43:07.321Z",
      "UpdatedTime": "2020-08-04T05:43:07.321Z",
      "CreatedUserId": "user-0",
      "UpdatedUserId": "user-0"
    },
    {
      "ContextVariableType": "Regular",
      "SystemVariableTypes": [],
      "SystemType": "String",
      "InitializerType": "Expression",
      "Scope": "Dialog",
      "GreedySlotFillingEnabled": false,
      "IsInput": false,
      "ExternalInitializationAllowed": false,
      "Messages": {},
      "Expression": "@parameters('344dbefc-1c43-4237-a725-7ac7c1dfa3f0')['responsetext']",
      "IsGlobal": false,
      "Id": "7389b5d1-dce2-4125-9d3e-7511963740a5",
      "DisplayName": "ResponseText1",
      "CreatedTime": "2020-08-04T05:43:07.321Z",
      "UpdatedTime": "2020-08-04T05:43:07.321Z",
      "CreatedUserId": "user-0",
      "UpdatedUserId": "user-0"
    }
  ],
  "JsonTypes": [
    {
      "CustomTypeSchema": "Json",
      "Id": "2af1eefd-e170-4dd1-9ed8-6c51bf2ad621",
      "DisplayName": "Response Json Type for Flow - Pet service Appointment Booking",
      "CreatedTime": "2020-08-04T05:43:07.321Z",
      "UpdatedTime": "2020-08-04T05:43:07.321Z"
    }
  ],
  "SystemIntentIds": {},
  "SystemVariableIds": {},
  "SystemNamedEntityIds": {}
}