{
  "Intents": [
    {
      "IntentType": "Regular",
      "SystemIntentTypes": [],
      "TriggerQueries": [
        "Grooming services offered",
        "Pet care",
        "Services available",
        "What services do you offer"
      ],
      "DialogId": "new_topic_784c321a8dea46a39e713cfd18bba224",
      "IsTriggeringEnabled": true,
      "Id": "new_topic_784c321a8dea46a39e713cfd18bba224",
      "DisplayName": "02 - Services Offered",
      "Description": "",
      "CreatedTime": "2020-07-05T08:24:33.3473692Z",
      "UpdatedTime": "2020-07-05T08:39:01.578177Z",
      "CreatedUserId": "ec437995-1730-4448-b4dc-b71c68783965",
      "UpdatedUserId": "ec437995-1730-4448-b4dc-b71c68783965"
    }
  ],
  "NamedEntities": [
    {
      "NamedEntityType": "Regular",
      "SystemNamedEntityTypes": [],
      "Id": "81dffe07-12fa-49f8-8b48-31cbab85fc70",
      "DisplayName": "Doggy Day Care",
      "CreatedTime": "0001-01-01T00:00:00",
      "UpdatedTime": "0001-01-01T00:00:00"
    },
    {
      "NamedEntityType": "Regular",
      "SystemNamedEntityTypes": [],
      "Id": "dcb1f491-0831-410c-b667-4c7e367cfe24",
      "DisplayName": "Basic Clip",
      "CreatedTime": "0001-01-01T00:00:00",
      "UpdatedTime": "0001-01-01T00:00:00"
    },
    {
      "NamedEntityType": "Regular",
      "SystemNamedEntityTypes": [],
      "Id": "98c34df6-74cb-4080-9619-089cf3dd433c",
      "DisplayName": "Nail Trim",
      "CreatedTime": "0001-01-01T00:00:00",
      "UpdatedTime": "0001-01-01T00:00:00"
    },
    {
      "NamedEntityType": "Regular",
      "SystemNamedEntityTypes": [],
      "Id": "a920be8f-eacb-4587-8ca3-443693cf792a",
      "DisplayName": "Bath & Blow Dry",
      "CreatedTime": "0001-01-01T00:00:00",
      "UpdatedTime": "0001-01-01T00:00:00"
    }
  ],
  "Dialogs": [
    {
      "RootNodeId": "839cc3ec-6a60-497f-8330-fe304b54ea0c",
      "DialogType": "Regular",
      "MessageNodes": [
        {
          "BotMessageId": "c7bb9bcd-e446-4adc-944e-73f80d153461",
          "NodeType": "BotMessageNode",
          "Id": "839cc3ec-6a60-497f-8330-fe304b54ea0c",
          "DefaultTargetNodeId": "74ffac62-777c-465a-82d7-3b8253221d30"
        },
        {
          "BotMessageId": "9a1d267a-0cf0-4fed-af35-20f35bd77a78",
          "NodeType": "BotMessageNode",
          "Id": "74ffac62-777c-465a-82d7-3b8253221d30",
          "DefaultTargetNodeId": "396162c6-e1e5-4dfa-b9ba-67ef353aac59"
        },
        {
          "BotMessageId": "6e5b0cd8-023b-40bf-8337-3db49516ef9f",
          "NodeType": "BotMessageNode",
          "Id": "5ea2196e-3e73-4c73-b8d9-dabb72611565",
          "DefaultTargetNodeId": "11563563-3c66-4241-aeb2-204299556fe4"
        },
        {
          "BotMessageId": "d2da3452-bd81-4f3b-b435-a9c496ddb574",
          "NodeType": "BotMessageNode",
          "Id": "301182e7-d188-4868-b37e-cfde1f4e05e0",
          "DefaultTargetNodeId": "a9ea26a9-8e81-4fed-bb10-b6b2cd841be0"
        },
        {
          "BotMessageId": "df8ddc85-e1cf-49ff-838f-c2c362206fd3",
          "NodeType": "BotMessageNode",
          "Id": "da9a9a3d-68d7-4412-a733-f95881603dfa",
          "DefaultTargetNodeId": "a0e9478f-edec-4775-a171-08e2d43de333"
        },
        {
          "BotMessageId": "86c11ecb-19a8-4532-a833-d5ef6767c687",
          "NodeType": "BotMessageNode",
          "Id": "daa842f5-876a-4c64-b3e4-30a71315c868",
          "DefaultTargetNodeId": "508fd409-d56f-45fc-acb6-8bd0137f90dd"
        }
      ],
      "DialogChangeNodes": [
        {
          "TargetDialogId": "new_topic_343a0ee7009648be87df0f0e011ccda5_aeabea4d071f415c8c107e1cb7af5424_assumedsuccess",
          "NodeType": "DialogChangeNode",
          "Id": "a9ea26a9-8e81-4fed-bb10-b6b2cd841be0"
        },
        {
          "TargetDialogId": "new_topic_343a0ee7009648be87df0f0e011ccda5_aeabea4d071f415c8c107e1cb7af5424_assumedsuccess",
          "NodeType": "DialogChangeNode",
          "Id": "508fd409-d56f-45fc-acb6-8bd0137f90dd"
        },
        {
          "TargetDialogId": "new_topic_343a0ee7009648be87df0f0e011ccda5_aeabea4d071f415c8c107e1cb7af5424_assumedsuccess",
          "NodeType": "DialogChangeNode",
          "Id": "a0e9478f-edec-4775-a171-08e2d43de333"
        },
        {
          "TargetDialogId": "new_topic_343a0ee7009648be87df0f0e011ccda5_aeabea4d071f415c8c107e1cb7af5424_assumedsuccess",
          "NodeType": "DialogChangeNode",
          "Id": "11563563-3c66-4241-aeb2-204299556fe4"
        }
      ],
      "QuestionNodes": [
        {
          "ContextVariableId": "cb33d926-d0f4-47d2-be93-9c158bdc6e41",
          "NodeType": "QuestionNode",
          "Id": "396162c6-e1e5-4dfa-b9ba-67ef353aac59",
          "Routes": [
            {
              "Expression": "@equals(parameters('cb33d926-d0f4-47d2-be93-9c158bdc6e41'), '81dffe07-12fa-49f8-8b48-31cbab85fc70')",
              "TargetNodeId": "5ea2196e-3e73-4c73-b8d9-dabb72611565"
            },
            {
              "Expression": "@equals(parameters('cb33d926-d0f4-47d2-be93-9c158bdc6e41'), 'dcb1f491-0831-410c-b667-4c7e367cfe24')",
              "TargetNodeId": "301182e7-d188-4868-b37e-cfde1f4e05e0"
            },
            {
              "Expression": "@equals(parameters('cb33d926-d0f4-47d2-be93-9c158bdc6e41'), '98c34df6-74cb-4080-9619-089cf3dd433c')",
              "TargetNodeId": "da9a9a3d-68d7-4412-a733-f95881603dfa"
            },
            {
              "Expression": "@equals(parameters('cb33d926-d0f4-47d2-be93-9c158bdc6e41'), 'a920be8f-eacb-4587-8ca3-443693cf792a')",
              "TargetNodeId": "daa842f5-876a-4c64-b3e4-30a71315c868"
            }
          ],
          "DefaultTargetNodeId": "396162c6-e1e5-4dfa-b9ba-67ef353aac59"
        }
      ],
      "Id": "new_topic_784c321a8dea46a39e713cfd18bba224",
      "DisplayName": "Dialog for 02 - Services Offered",
      "CreatedTime": "2020-07-05T08:24:33.3473692+00:00",
      "UpdatedTime": "2020-07-05T08:54:59.4224568Z",
      "CreatedUserId": "ec437995-1730-4448-b4dc-b71c68783965",
      "UpdatedUserId": "ec437995-1730-4448-b4dc-b71c68783965"
    }
  ],
  "BotMessages": [
    {
      "ChannelContent": {
        "web": {
          "ContentFormat": "Markdown",
          "Content": "I'd be glad to help list services we offer."
        }
      },
      "Id": "c7bb9bcd-e446-4adc-944e-73f80d153461",
      "CreatedTime": "2020-07-05T08:24:33.3473692+00:00",
      "UpdatedTime": "2020-07-05T08:24:33.3473692+00:00",
      "CreatedUserId": "ec437995-1730-4448-b4dc-b71c68783965",
      "UpdatedUserId": "ec437995-1730-4448-b4dc-b71c68783965"
    },
    {
      "ChannelContent": {
        "web": {
          "ContentFormat": "Markdown",
          "Content": "These are the services we offer:\n\n*   Doggy Day Care\n*   Basic Clip\n*   Nail Trim\n*   Bath & Blow Dry"
        }
      },
      "Id": "9a1d267a-0cf0-4fed-af35-20f35bd77a78",
      "CreatedTime": "2020-07-05T08:31:09.629Z",
      "UpdatedTime": "2020-07-05T08:31:09.629Z",
      "CreatedUserId": "user-0",
      "UpdatedUserId": "user-0"
    },
    {
      "ChannelContent": {
        "web": {
          "ContentFormat": "Markdown",
          "Content": "Are you interested in booking a service?"
        }
      },
      "Id": "732901aa-b0a9-4319-a20c-d1e0f2be834f",
      "CreatedTime": "2020-07-05T08:30:39.398Z",
      "UpdatedTime": "2020-07-05T08:30:39.398Z",
      "CreatedUserId": "user-0",
      "UpdatedUserId": "user-0"
    },
    {
      "ChannelContent": {
        "web": {
          "ContentFormat": "Markdown",
          "Content": "Our {cb33d926-d0f4-47d2-be93-9c158bdc6e41} day stay without any additional services is $25 for pooches up to 10kg."
        }
      },
      "Id": "6e5b0cd8-023b-40bf-8337-3db49516ef9f",
      "CreatedTime": "2020-07-05T08:40:15.734Z",
      "UpdatedTime": "2020-07-05T08:40:15.734Z",
      "CreatedUserId": "user-0",
      "UpdatedUserId": "user-0"
    },
    {
      "ChannelContent": {
        "web": {
          "ContentFormat": "Markdown",
          "Content": "Our {cb33d926-d0f4-47d2-be93-9c158bdc6e41} costs vary based on the size of your pet and the length of their fur:\n\n*   **Short fur**\n    *   Small up to 10kg: $85\n    *   Medium between 10.1kg-15kg: $95\n*   **Long fur**\n    *   Small up to 10kg: $95\n    *   Medium between 10.1kg-15kg: $105"
        }
      },
      "Id": "d2da3452-bd81-4f3b-b435-a9c496ddb574",
      "CreatedTime": "2020-07-05T08:42:14.306Z",
      "UpdatedTime": "2020-07-05T08:42:14.306Z",
      "CreatedUserId": "user-0",
      "UpdatedUserId": "user-0"
    },
    {
      "ChannelContent": {
        "web": {
          "ContentFormat": "Markdown",
          "Content": "Our {cb33d926-d0f4-47d2-be93-9c158bdc6e41} is $19 while you wait."
        }
      },
      "Id": "df8ddc85-e1cf-49ff-838f-c2c362206fd3",
      "CreatedTime": "2020-07-05T08:49:02.69Z",
      "UpdatedTime": "2020-07-05T08:49:02.69Z",
      "CreatedUserId": "user-0",
      "UpdatedUserId": "user-0"
    },
    {
      "ChannelContent": {
        "web": {
          "ContentFormat": "Markdown",
          "Content": "Our {cb33d926-d0f4-47d2-be93-9c158bdc6e41}costs vary based on the size of your pet and the length of their fur:\n\n*   **Short fur**\n    *   Small up to 10kg: $45\n    *   Medium between 10.1kg-15kg: $55\n*   **Long fur**\n    *   Small up to 10kg: $55\n    *   Medium between 10.1kg-15kg: $65"
        }
      },
      "Id": "86c11ecb-19a8-4532-a833-d5ef6767c687",
      "CreatedTime": "2020-07-05T08:49:39.071Z",
      "UpdatedTime": "2020-07-05T08:49:39.071Z",
      "CreatedUserId": "user-0",
      "UpdatedUserId": "user-0"
    }
  ],
  "ContextVariables": [
    {
      "ContextVariableType": "Regular",
      "SystemVariableTypes": [],
      "SystemType": "String",
      "InitializerType": "UserQuestion",
      "Scope": "Dialog",
      "GreedySlotFillingEnabled": true,
      "IsInput": false,
      "ExternalInitializationAllowed": false,
      "NamedEntityOptions": [
        "81dffe07-12fa-49f8-8b48-31cbab85fc70",
        "dcb1f491-0831-410c-b667-4c7e367cfe24",
        "98c34df6-74cb-4080-9619-089cf3dd433c",
        "a920be8f-eacb-4587-8ca3-443693cf792a"
      ],
      "Messages": {
        "GetValue": [
          "732901aa-b0a9-4319-a20c-d1e0f2be834f"
        ]
      },
      "IsGlobal": false,
      "Id": "cb33d926-d0f4-47d2-be93-9c158bdc6e41",
      "DisplayName": "ServiceOffering",
      "CreatedTime": "2020-07-05T08:30:39.398Z",
      "UpdatedTime": "2020-07-05T08:30:39.398Z",
      "CreatedUserId": "user-0",
      "UpdatedUserId": "user-0"
    }
  ],
  "SystemIntentIds": {},
  "SystemVariableIds": {},
  "SystemNamedEntityIds": {}
}