{
  "Intents": [
    {
      "IntentType": "Regular",
      "SystemIntentTypes": [],
      "TriggerQueries": [
        "get available services"
      ],
      "DialogId": "new_topic_09001c8d1a72413cac9ee77101d9c15a",
      "IsTriggeringEnabled": false,
      "Id": "new_topic_09001c8d1a72413cac9ee77101d9c15a",
      "DisplayName": "TEST TOPIC, DELETE THIS TOPIC LATER. GET Available Services",
      "Description": "",
      "CreatedTime": "2020-07-08T22:37:40.784067Z",
      "UpdatedTime": "2020-07-14T05:40:09.0090999Z",
      "CreatedUserId": "3d722a57-046e-4f59-b5e6-eeeb69432dee",
      "UpdatedUserId": "3d722a57-046e-4f59-b5e6-eeeb69432dee"
    }
  ],
  "Dialogs": [
    {
      "RootNodeId": "a8bc0546-7c66-454d-a6d9-ed292218461e",
      "DialogType": "Regular",
      "MessageNodes": [
        {
          "BotMessageId": "9db3df07-b6ae-4977-9d27-f99a871c543f",
          "NodeType": "BotMessageNode",
          "Id": "a8bc0546-7c66-454d-a6d9-ed292218461e",
          "DefaultTargetNodeId": "b4f6a828-adb9-47da-9b5c-b3980a31be9c"
        },
        {
          "BotMessageId": "97c391c9-adb8-4de6-9bf6-af54f2af0f6e",
          "NodeType": "BotMessageNode",
          "Id": "8e202150-79c4-4736-85aa-e1c78901762f"
        }
      ],
      "ActionNodes": [
        {
          "InputParameterVariableIdMap": {},
          "OutputExpressionVariableIds": [
            "940d36dc-ba70-49c5-b17f-9309bc98b9e0"
          ],
          "ContextVariableId": "624dac62-df48-45b0-a0ce-cc7b2d93d23a",
          "NodeType": "ActionNode",
          "Id": "b4f6a828-adb9-47da-9b5c-b3980a31be9c",
          "DefaultTargetNodeId": "8e202150-79c4-4736-85aa-e1c78901762f"
        }
      ],
      "Id": "new_topic_09001c8d1a72413cac9ee77101d9c15a",
      "DisplayName": "Dialog for TEST GET Available Services",
      "CreatedTime": "2020-07-08T22:37:40.784067+00:00",
      "UpdatedTime": "2020-07-14T05:58:17.1830444Z",
      "CreatedUserId": "3d722a57-046e-4f59-b5e6-eeeb69432dee",
      "UpdatedUserId": "3d722a57-046e-4f59-b5e6-eeeb69432dee"
    }
  ],
  "BotMessages": [
    {
      "ChannelContent": {
        "web": {
          "ContentFormat": "Markdown",
          "Content": "Hang on, retrieving our available services, thanks for your patience."
        }
      },
      "Id": "9db3df07-b6ae-4977-9d27-f99a871c543f",
      "CreatedTime": "2020-07-08T22:37:40.7830509+00:00",
      "UpdatedTime": "2020-07-08T22:37:40.7830509+00:00",
      "CreatedUserId": "3d722a57-046e-4f59-b5e6-eeeb69432dee",
      "UpdatedUserId": "3d722a57-046e-4f59-b5e6-eeeb69432dee"
    },
    {
      "ChannelContent": {
        "web": {
          "ContentFormat": "Markdown",
          "Content": "This is our available services\n\n{940d36dc-ba70-49c5-b17f-9309bc98b9e0}"
        }
      },
      "Id": "97c391c9-adb8-4de6-9bf6-af54f2af0f6e",
      "CreatedTime": "2020-07-08T22:38:41.217Z",
      "UpdatedTime": "2020-07-08T22:38:41.217Z",
      "CreatedUserId": "user-0",
      "UpdatedUserId": "user-0"
    }
  ],
  "ActionDefinitions": [
    {
      "TimeoutInSeconds": 60,
      "RetryCount": 1,
      "Method": 2,
      "Headers": {
        "accept": "application/json"
      },
      "BodyContent": "",
      "ActionType": "Flow",
      "FlowMetadata": {
        "Id": "0edd77b5-96c5-ea11-a812-000d3a7945fb",
        "Title": "Get Available Pet Services",
        "Description": "Call this flow from Power Virtual Agents.",
        "HttpMethod": 2,
        "OutputParameters": [
          {
            "Name": "Availble Services",
            "Id": "availble_services",
            "Type": "String",
            "Optional": true
          }
        ],
        "OutputSchemaType": "Json",
        "CreatedTime": "2020-07-14T05:56:11Z",
        "IsEnabled": false,
        "LastModifiedTime": "2020-07-14T05:56:13Z"
      },
      "Id": "403011a0-8c04-4d04-afac-b2cbbe8b2284",
      "DisplayName": "Get Available Pet Services",
      "Description": "Call this flow from Power Virtual Agents.",
      "CreatedTime": "2020-07-14T05:58:07.434Z",
      "UpdatedTime": "2020-07-14T05:58:07.434Z"
    }
  ],
  "ContextVariables": [
    {
      "ContextVariableType": "Regular",
      "SystemVariableTypes": [],
      "SystemType": "Custom",
      "CustomTypeId": "191484c6-9605-4348-88a9-22b1ec33bb48",
      "InitializerType": "Action",
      "Scope": "Dialog",
      "GreedySlotFillingEnabled": false,
      "IsInput": false,
      "ExternalInitializationAllowed": false,
      "Messages": {},
      "ActionId": "403011a0-8c04-4d04-afac-b2cbbe8b2284",
      "IsGlobal": false,
      "Id": "624dac62-df48-45b0-a0ce-cc7b2d93d23a",
      "DisplayName": "",
      "CreatedTime": "2020-07-14T05:58:07.434Z",
      "UpdatedTime": "2020-07-14T05:58:07.434Z",
      "CreatedUserId": "user-0",
      "UpdatedUserId": "user-0"
    },
    {
      "ContextVariableType": "Regular",
      "SystemVariableTypes": [],
      "SystemType": "String",
      "InitializerType": "Expression",
      "Scope": "Dialog",
      "GreedySlotFillingEnabled": false,
      "IsInput": false,
      "ExternalInitializationAllowed": false,
      "Messages": {},
      "Expression": "@parameters('624dac62-df48-45b0-a0ce-cc7b2d93d23a')['availble_services']",
      "IsGlobal": false,
      "Id": "940d36dc-ba70-49c5-b17f-9309bc98b9e0",
      "DisplayName": "Availble Services",
      "CreatedTime": "2020-07-14T05:58:07.434Z",
      "UpdatedTime": "2020-07-14T05:58:07.434Z",
      "CreatedUserId": "user-0",
      "UpdatedUserId": "user-0"
    }
  ],
  "JsonTypes": [
    {
      "CustomTypeSchema": "Json",
      "Id": "191484c6-9605-4348-88a9-22b1ec33bb48",
      "DisplayName": "Response Json Type for Flow - Get Available Pet Services",
      "CreatedTime": "2020-07-14T05:58:07.434Z",
      "UpdatedTime": "2020-07-14T05:58:07.434Z"
    }
  ],
  "SystemIntentIds": {},
  "SystemVariableIds": {},
  "SystemNamedEntityIds": {}
}