{
  "Intents": [
    {
      "IntentType": "Regular",
      "SystemIntentTypes": [],
      "TriggerQueries": [
        "Are there any stores around the area",
        "Check store location",
        "Closest store near me",
        "Find me your nearest location",
        "Store near me"
      ],
      "DialogId": "new_topic_343a0ee7009648be87df0f0e011ccda5_21a34f1673a24096a99ba0effb63cc1d",
      "IsTriggeringEnabled": true,
      "Id": "new_topic_343a0ee7009648be87df0f0e011ccda5_21a34f1673a24096a99ba0effb63cc1d",
      "DisplayName": "Lesson 2 - A simple topic with a condition and variable",
      "Description": "Lesson 2 - This lesson will show you how you can create a simple topic with one conditional branch and a variable.\n\nA variable is a name for an item which will be used later in the topic flow.  In this example, \"pva_StoreLocation\" is the name for the variable when you ask the user for their preferred Store Location.",
      "CreatedTime": "2019-01-15T00:00:00",
      "UpdatedTime": "2020-07-05T07:23:36.9368923Z",
      "CreatedUserId": "user0",
      "UpdatedUserId": "ec437995-1730-4448-b4dc-b71c68783965"
    }
  ],
  "NamedEntities": [
    {
      "NamedEntityType": "Regular",
      "SystemNamedEntityTypes": [],
      "Id": "dc91002e-5c32-4b0e-9109-376c2d9b2eb2",
      "DisplayName": "Redmond",
      "CreatedTime": "0001-01-01T00:00:00",
      "UpdatedTime": "2020-07-05T07:23:36.9368923Z",
      "UpdatedUserId": "ec437995-1730-4448-b4dc-b71c68783965"
    },
    {
      "NamedEntityType": "Regular",
      "SystemNamedEntityTypes": [],
      "Id": "00a18877-1153-4a7e-9773-4f68632adbe1",
      "DisplayName": "Seattle",
      "CreatedTime": "0001-01-01T00:00:00",
      "UpdatedTime": "2020-07-05T07:23:36.9368923Z",
      "UpdatedUserId": "ec437995-1730-4448-b4dc-b71c68783965"
    },
    {
      "NamedEntityType": "Regular",
      "SystemNamedEntityTypes": [],
      "Id": "e7eeb96b-6ba0-438a-b76e-38ce7b0ee67e",
      "DisplayName": "Kirkland",
      "CreatedTime": "0001-01-01T00:00:00",
      "UpdatedTime": "2020-07-05T07:23:36.9368923Z",
      "UpdatedUserId": "ec437995-1730-4448-b4dc-b71c68783965"
    }
  ],
  "Dialogs": [
    {
      "RootNodeId": "c1d915e9-aca4-4aec-b058-ef9e7de9ba21",
      "DialogType": "Regular",
      "MessageNodes": [
        {
          "BotMessageId": "4de562cf-4794-46af-aa81-a1a7427cdf0b",
          "NodeType": "BotMessageNode",
          "Id": "893bb1a9-72b3-4039-9779-df0950a185c0",
          "DefaultTargetNodeId": "a9278bbb-16d2-4407-9a7a-5a23f5882aae"
        },
        {
          "BotMessageId": "45d1f9f8-f664-4b6b-8e94-3e26dbe70b99",
          "NodeType": "BotMessageNode",
          "Id": "05b6d183-1bab-4a45-b8ac-340c337ed69f",
          "DefaultTargetNodeId": "a9278bbb-16d2-4407-9a7a-5a23f5882aae"
        },
        {
          "BotMessageId": "0424e8e1-0f86-45fa-80cb-de7076e1ec3d",
          "NodeType": "BotMessageNode",
          "Id": "c1d915e9-aca4-4aec-b058-ef9e7de9ba21",
          "DefaultTargetNodeId": "6798adc3-d55f-40b5-9d22-bb522a3546d6"
        },
        {
          "BotMessageId": "e7b3d0ac-e120-4433-b214-922d0af65882",
          "NodeType": "BotMessageNode",
          "Id": "a9cbf7cd-5fe7-4ee1-a737-7129c7a8ce41",
          "DefaultTargetNodeId": "a9278bbb-16d2-4407-9a7a-5a23f5882aae"
        }
      ],
      "DialogChangeNodes": [
        {
          "TargetDialogId": "new_topic_343a0ee7009648be87df0f0e011ccda5_aeabea4d071f415c8c107e1cb7af5424_assumedsuccess",
          "NodeType": "DialogChangeNode",
          "Id": "a9278bbb-16d2-4407-9a7a-5a23f5882aae"
        }
      ],
      "QuestionNodes": [
        {
          "ContextVariableId": "8f2d669b-e79c-4635-b87b-3f22ae02df92",
          "NodeType": "QuestionNode",
          "Id": "6798adc3-d55f-40b5-9d22-bb522a3546d6",
          "Routes": [
            {
              "Expression": "@equals(parameters('8f2d669b-e79c-4635-b87b-3f22ae02df92'), 'dc91002e-5c32-4b0e-9109-376c2d9b2eb2')",
              "TargetNodeId": "893bb1a9-72b3-4039-9779-df0950a185c0"
            },
            {
              "Expression": "@equals(parameters('8f2d669b-e79c-4635-b87b-3f22ae02df92'), '00a18877-1153-4a7e-9773-4f68632adbe1')",
              "TargetNodeId": "05b6d183-1bab-4a45-b8ac-340c337ed69f"
            },
            {
              "Expression": "@equals(parameters('8f2d669b-e79c-4635-b87b-3f22ae02df92'), 'e7eeb96b-6ba0-438a-b76e-38ce7b0ee67e')",
              "TargetNodeId": "a9cbf7cd-5fe7-4ee1-a737-7129c7a8ce41"
            }
          ],
          "DefaultTargetNodeId": "6798adc3-d55f-40b5-9d22-bb522a3546d6"
        }
      ],
      "Id": "new_topic_343a0ee7009648be87df0f0e011ccda5_21a34f1673a24096a99ba0effb63cc1d",
      "DisplayName": "Dialog for Find nearest location",
      "CreatedTime": "2019-01-15T00:00:00",
      "UpdatedTime": "2020-07-05T07:23:36.9368923Z",
      "CreatedUserId": "user0",
      "UpdatedUserId": "ec437995-1730-4448-b4dc-b71c68783965"
    }
  ],
  "BotMessages": [
    {
      "ChannelContent": {
        "web": {
          "ContentFormat": "Markdown",
          "Content": "Which location are you interested in?"
        }
      },
      "Id": "294e7fff-35aa-45fc-bf80-6188ef48938b",
      "CreatedTime": "2019-01-15T00:00:00",
      "UpdatedTime": "2020-07-05T07:23:36.9368923Z",
      "CreatedUserId": "user0",
      "UpdatedUserId": "ec437995-1730-4448-b4dc-b71c68783965"
    },
    {
      "ChannelContent": {
        "web": {
          "ContentFormat": "PlainText",
          "Content": "Check out the Company Store at our Visitor Center. The address is: 4567 Main St., Redmond, 26132."
        }
      },
      "Id": "4de562cf-4794-46af-aa81-a1a7427cdf0b",
      "CreatedTime": "2019-01-15T00:00:00",
      "UpdatedTime": "2020-07-05T07:23:36.9368923Z",
      "CreatedUserId": "user0",
      "UpdatedUserId": "ec437995-1730-4448-b4dc-b71c68783965"
    },
    {
      "ChannelContent": {
        "web": {
          "ContentFormat": "Markdown",
          "Content": "Our {8f2d669b-e79c-4635-b87b-3f22ae02df92} store is located in the U District in the University Village. The address is: 1234 E. University Village St., Seattle, 34567."
        }
      },
      "Id": "45d1f9f8-f664-4b6b-8e94-3e26dbe70b99",
      "CreatedTime": "2019-01-15T00:00:00",
      "UpdatedTime": "2020-07-05T07:23:36.9368923Z",
      "CreatedUserId": "user0",
      "UpdatedUserId": "ec437995-1730-4448-b4dc-b71c68783965"
    },
    {
      "ChannelContent": {
        "web": {
          "ContentFormat": "Markdown",
          "Content": "I'd be glad to help find a store near you."
        }
      },
      "Id": "0424e8e1-0f86-45fa-80cb-de7076e1ec3d",
      "CreatedTime": "2019-01-15T00:00:00",
      "UpdatedTime": "2020-07-05T07:23:36.9368923Z",
      "CreatedUserId": "user0",
      "UpdatedUserId": "ec437995-1730-4448-b4dc-b71c68783965"
    },
    {
      "ChannelContent": {
        "web": {
          "ContentFormat": "Markdown",
          "Content": "Our {8f2d669b-e79c-4635-b87b-3f22ae02df92} is located in downtown Kirkland. The address is: 1234 Central Way, Kirkland, 98321."
        }
      },
      "Id": "e7b3d0ac-e120-4433-b214-922d0af65882",
      "CreatedTime": "2019-11-01T03:46:52.686Z",
      "UpdatedTime": "2020-07-05T07:23:36.9368923Z",
      "CreatedUserId": "user0",
      "UpdatedUserId": "ec437995-1730-4448-b4dc-b71c68783965"
    }
  ],
  "ContextVariables": [
    {
      "ContextVariableType": "Regular",
      "SystemVariableTypes": [],
      "SystemType": "String",
      "InitializerType": "UserQuestion",
      "Scope": "Dialog",
      "GreedySlotFillingEnabled": false,
      "IsInput": false,
      "ExternalInitializationAllowed": false,
      "NamedEntityOptions": [
        "dc91002e-5c32-4b0e-9109-376c2d9b2eb2",
        "00a18877-1153-4a7e-9773-4f68632adbe1",
        "e7eeb96b-6ba0-438a-b76e-38ce7b0ee67e"
      ],
      "Messages": {
        "GetValue": [
          "294e7fff-35aa-45fc-bf80-6188ef48938b"
        ]
      },
      "IsGlobal": false,
      "Id": "8f2d669b-e79c-4635-b87b-3f22ae02df92",
      "DisplayName": "pva_StoreLocation",
      "CreatedTime": "2019-01-15T00:00:00",
      "UpdatedTime": "2020-07-05T07:23:36.9368923Z",
      "CreatedUserId": "user0",
      "UpdatedUserId": "ec437995-1730-4448-b4dc-b71c68783965"
    }
  ],
  "SystemIntentIds": {},
  "SystemVariableIds": {},
  "SystemNamedEntityIds": {}
}