<botcomponent_botcomponentset>
  <botcomponent_botcomponent botcomponentidtwo.schemaname="new_customtype_343a0ee7009648be87df0f0e011ccda5_f86fcadfd497444e91ed11c12b059d10" botcomponentidone.schemaname="new_topic_343a0ee7009648be87df0f0e011ccda5_85df75ce08a44a9b82cc8f3fdb25f669">
    <iscustomizable>1</iscustomizable>
  </botcomponent_botcomponent>
  <botcomponent_botcomponent botcomponentidone.schemaname="new_topic_7c3354a5b3774e8bac457027a44f6a48" botcomponentidtwo.schemaname="new_topic_343a0ee7009648be87df0f0e011ccda5_aeabea4d071f415c8c107e1cb7af5424_assumedsuccess">
    <iscustomizable>1</iscustomizable>
  </botcomponent_botcomponent>
  <botcomponent_botcomponent botcomponentidtwo.schemaname="new_customtype_343a0ee7009648be87df0f0e011ccda5_92610204747047ac8f788f7eecd91118" botcomponentidone.schemaname="new_topic_343a0ee7009648be87df0f0e011ccda5_db1f76b081dc43389df9dd2df7518737_confirmedsuccess">
    <iscustomizable>1</iscustomizable>
  </botcomponent_botcomponent>
  <botcomponent_botcomponent botcomponentidone.schemaname="new_topic_343a0ee7009648be87df0f0e011ccda5_8a4964498f83424bb3a86295bf7d0952_startover" botcomponentidtwo.schemaname="new_topic_343a0ee7009648be87df0f0e011ccda5_ba7b967c97ba4c39bca58a8bb6a72d59_conversationstart">
    <iscustomizable>1</iscustomizable>
  </botcomponent_botcomponent>
  <botcomponent_botcomponent botcomponentidone.schemaname="new_topic_343a0ee7009648be87df0f0e011ccda5_dbafebd526364487911b63a2a774389f" botcomponentidtwo.schemaname="new_topic_343a0ee7009648be87df0f0e011ccda5_aeabea4d071f415c8c107e1cb7af5424_assumedsuccess">
    <iscustomizable>1</iscustomizable>
  </botcomponent_botcomponent>
  <botcomponent_botcomponent botcomponentidone.schemaname="new_topic_343a0ee7009648be87df0f0e011ccda5_db1f76b081dc43389df9dd2df7518737_confirmedsuccess" botcomponentidtwo.schemaname="new_topic_343a0ee7009648be87df0f0e011ccda5_f56d1a3e522740c78f9fac0939332dbd_goodbye">
    <iscustomizable>1</iscustomizable>
  </botcomponent_botcomponent>
  <botcomponent_botcomponent botcomponentidone.schemaname="new_topic_343a0ee7009648be87df0f0e011ccda5_d2198a5ee41a48a5bf70ab8970145a9f_confirmedfailure" botcomponentidtwo.schemaname="new_topic_343a0ee7009648be87df0f0e011ccda5_954135cafcd647eaae5999ad91fc08cf_talktoagent">
    <iscustomizable>1</iscustomizable>
  </botcomponent_botcomponent>
  <botcomponent_botcomponent botcomponentidone.schemaname="new_topic_343a0ee7009648be87df0f0e011ccda5_33d5123770ba4daeafae51b361ddc80a" botcomponentidtwo.schemaname="new_topic_343a0ee7009648be87df0f0e011ccda5_aeabea4d071f415c8c107e1cb7af5424_assumedsuccess">
    <iscustomizable>1</iscustomizable>
  </botcomponent_botcomponent>
  <botcomponent_botcomponent botcomponentidone.schemaname="new_topic_343a0ee7009648be87df0f0e011ccda5_85df75ce08a44a9b82cc8f3fdb25f669" botcomponentidtwo.schemaname="new_topic_343a0ee7009648be87df0f0e011ccda5_aeabea4d071f415c8c107e1cb7af5424_assumedsuccess">
    <iscustomizable>1</iscustomizable>
  </botcomponent_botcomponent>
  <botcomponent_botcomponent botcomponentidone.schemaname="new_topic_343a0ee7009648be87df0f0e011ccda5_aeabea4d071f415c8c107e1cb7af5424_assumedsuccess" botcomponentidtwo.schemaname="new_topic_343a0ee7009648be87df0f0e011ccda5_d2198a5ee41a48a5bf70ab8970145a9f_confirmedfailure">
    <iscustomizable>1</iscustomizable>
  </botcomponent_botcomponent>
  <botcomponent_botcomponent botcomponentidtwo.schemaname="new_topic_343a0ee7009648be87df0f0e011ccda5_aeabea4d071f415c8c107e1cb7af5424_assumedsuccess" botcomponentidone.schemaname="new_topic_343a0ee7009648be87df0f0e011ccda5_21a34f1673a24096a99ba0effb63cc1d">
    <iscustomizable>1</iscustomizable>
  </botcomponent_botcomponent>
  <botcomponent_botcomponent botcomponentidtwo.schemaname="new_topic_343a0ee7009648be87df0f0e011ccda5_db1f76b081dc43389df9dd2df7518737_confirmedsuccess" botcomponentidone.schemaname="new_topic_343a0ee7009648be87df0f0e011ccda5_aeabea4d071f415c8c107e1cb7af5424_assumedsuccess">
    <iscustomizable>1</iscustomizable>
  </botcomponent_botcomponent>
  <botcomponent_botcomponent botcomponentidone.schemaname="new_topic_737ce6e2e61d466f9bc4994f3a7b9d52" botcomponentidtwo.schemaname="new_topic_343a0ee7009648be87df0f0e011ccda5_aeabea4d071f415c8c107e1cb7af5424_assumedsuccess">
    <iscustomizable>1</iscustomizable>
  </botcomponent_botcomponent>
  <botcomponent_botcomponent botcomponentidtwo.schemaname="new_customtype_c2503f37569348d483a59098c39e43a4" botcomponentidone.schemaname="new_variable_3aa6f32cc3824db786abecb0121539fa_cb33d926d0f447d2be939c158bdc6e41">
    <iscustomizable>1</iscustomizable>
  </botcomponent_botcomponent>
  <botcomponent_botcomponent botcomponentidtwo.schemaname="new_variable_3aa6f32cc3824db786abecb0121539fa_cb33d926d0f447d2be939c158bdc6e41" botcomponentidone.schemaname="new_topic_737ce6e2e61d466f9bc4994f3a7b9d52">
    <iscustomizable>1</iscustomizable>
  </botcomponent_botcomponent>
  <botcomponent_botcomponent botcomponentidtwo.schemaname="new_variable_3aa6f32cc3824db786abecb0121539fa_a94da3eeb42347b8bc90b2d831dc5ec7" botcomponentidone.schemaname="new_topic_784c321a8dea46a39e713cfd18bba224">
    <iscustomizable>1</iscustomizable>
  </botcomponent_botcomponent>
  <botcomponent_botcomponent botcomponentidtwo.schemaname="new_topic_737ce6e2e61d466f9bc4994f3a7b9d52" botcomponentidone.schemaname="new_topic_784c321a8dea46a39e713cfd18bba224">
    <iscustomizable>1</iscustomizable>
  </botcomponent_botcomponent>
  <botcomponent_botcomponent botcomponentidtwo.schemaname="new_variable_3aa6f32cc3824db786abecb0121539fa_cb33d926d0f447d2be939c158bdc6e41" botcomponentidone.schemaname="new_topic_784c321a8dea46a39e713cfd18bba224">
    <iscustomizable>1</iscustomizable>
  </botcomponent_botcomponent>
</botcomponent_botcomponentset>