{
  "Intents": [
    {
      "IntentType": "Regular",
      "SystemIntentTypes": [],
      "TriggerQueries": [
        "get available services"
      ],
      "DialogId": "new_topic_09001c8d1a72413cac9ee77101d9c15a",
      "IsTriggeringEnabled": false,
      "Id": "new_topic_09001c8d1a72413cac9ee77101d9c15a",
      "DisplayName": "TEST TOPIC, DELETE THIS TOPIC LATER. GET Available Services",
      "Description": "",
      "CreatedTime": "2020-07-08T22:37:40.784067Z",
      "UpdatedTime": "2020-08-05T07:43:50.2569698Z",
      "CreatedUserId": "3d722a57-046e-4f59-b5e6-eeeb69432dee",
      "UpdatedUserId": "81f17a88-e63e-458c-a3ac-3931f85aae8e"
    }
  ],
  "Dialogs": [
    {
      "RootNodeId": "a8bc0546-7c66-454d-a6d9-ed292218461e",
      "DialogType": "Regular",
      "MessageNodes": [
        {
          "BotMessageId": "9db3df07-b6ae-4977-9d27-f99a871c543f",
          "NodeType": "BotMessageNode",
          "Id": "a8bc0546-7c66-454d-a6d9-ed292218461e",
          "DefaultTargetNodeId": "479c5280-7e02-46a0-ad57-5641d27e632d"
        },
        {
          "BotMessageId": "97c391c9-adb8-4de6-9bf6-af54f2af0f6e",
          "NodeType": "BotMessageNode",
          "Id": "8e202150-79c4-4736-85aa-e1c78901762f"
        }
      ],
      "ActionNodes": [
        {
          "InputParameterVariableIdMap": {},
          "OutputExpressionVariableIds": [
            "04f5b37e-a705-4524-8bd7-45a4c1e91570"
          ],
          "ContextVariableId": "b0f7add9-a965-4f3c-b514-b08de88668c3",
          "NodeType": "ActionNode",
          "Id": "479c5280-7e02-46a0-ad57-5641d27e632d",
          "DefaultTargetNodeId": "8e202150-79c4-4736-85aa-e1c78901762f"
        }
      ],
      "Id": "new_topic_09001c8d1a72413cac9ee77101d9c15a",
      "DisplayName": "Dialog for TEST GET Available Services",
      "CreatedTime": "2020-07-08T22:37:40.784067+00:00",
      "UpdatedTime": "2020-07-16T10:59:57.4089787Z",
      "CreatedUserId": "3d722a57-046e-4f59-b5e6-eeeb69432dee",
      "UpdatedUserId": "f55e5da5-bee4-4b56-90f8-cf8374d4ffdc"
    }
  ],
  "BotMessages": [
    {
      "ChannelContent": {
        "web": {
          "ContentFormat": "Markdown",
          "Content": "Hang on, retrieving our available services, thanks for your patience."
        }
      },
      "Id": "9db3df07-b6ae-4977-9d27-f99a871c543f",
      "CreatedTime": "2020-07-08T22:37:40.7830509+00:00",
      "UpdatedTime": "2020-07-08T22:37:40.7830509+00:00",
      "CreatedUserId": "3d722a57-046e-4f59-b5e6-eeeb69432dee",
      "UpdatedUserId": "3d722a57-046e-4f59-b5e6-eeeb69432dee"
    },
    {
      "ChannelContent": {
        "web": {
          "ContentFormat": "Markdown",
          "Content": "This is our available services\n\n{04f5b37e-a705-4524-8bd7-45a4c1e91570}"
        }
      },
      "Id": "97c391c9-adb8-4de6-9bf6-af54f2af0f6e",
      "CreatedTime": "2020-07-08T22:38:41.217Z",
      "UpdatedTime": "2020-07-08T22:38:41.217Z",
      "CreatedUserId": "user-0",
      "UpdatedUserId": "user-0"
    }
  ],
  "ActionDefinitions": [
    {
      "TimeoutInSeconds": 60,
      "RetryCount": 1,
      "Method": 2,
      "Headers": {
        "accept": "application/json"
      },
      "BodyContent": "",
      "ActionType": "Flow",
      "FlowMetadata": {
        "Id": "0edd77b5-96c5-ea11-a812-000d3a7945fb",
        "Title": "Get Available Pet Services",
        "Description": "Call this flow from Power Virtual Agents.",
        "HttpMethod": 2,
        "OutputParameters": [
          {
            "Name": "Availble Services",
            "Id": "availble_services",
            "Type": "String",
            "Optional": true
          }
        ],
        "OutputSchemaType": "Json",
        "CreatedTime": "2020-07-14T07:00:10Z",
        "IsEnabled": true,
        "LastModifiedTime": "2020-07-16T10:58:32Z"
      },
      "Id": "785b1267-0daf-4c7d-ac0c-6530d094a0ae",
      "DisplayName": "Get Available Pet Services",
      "Description": "Call this flow from Power Virtual Agents.",
      "CreatedTime": "2020-07-16T10:59:44.718Z",
      "UpdatedTime": "2020-07-16T10:59:44.718Z"
    }
  ],
  "ContextVariables": [
    {
      "ContextVariableType": "Regular",
      "SystemVariableTypes": [],
      "SystemType": "Custom",
      "CustomTypeId": "945c4231-0dd1-4dc4-9699-5d89ede5a7dd",
      "InitializerType": "Action",
      "Scope": "Dialog",
      "GreedySlotFillingEnabled": false,
      "IsInput": false,
      "ExternalInitializationAllowed": false,
      "Messages": {},
      "ActionId": "785b1267-0daf-4c7d-ac0c-6530d094a0ae",
      "IsGlobal": false,
      "Id": "b0f7add9-a965-4f3c-b514-b08de88668c3",
      "DisplayName": "",
      "CreatedTime": "2020-07-16T10:59:44.719Z",
      "UpdatedTime": "2020-07-16T10:59:44.719Z",
      "CreatedUserId": "user-0",
      "UpdatedUserId": "user-0"
    },
    {
      "ContextVariableType": "Regular",
      "SystemVariableTypes": [],
      "SystemType": "String",
      "InitializerType": "Expression",
      "Scope": "Dialog",
      "GreedySlotFillingEnabled": false,
      "IsInput": false,
      "ExternalInitializationAllowed": false,
      "Messages": {},
      "Expression": "@parameters('b0f7add9-a965-4f3c-b514-b08de88668c3')['availble_services']",
      "IsGlobal": false,
      "Id": "04f5b37e-a705-4524-8bd7-45a4c1e91570",
      "DisplayName": "AvailbleServices",
      "CreatedTime": "2020-07-16T10:59:44.719Z",
      "UpdatedTime": "2020-07-16T10:59:44.719Z",
      "CreatedUserId": "user-0",
      "UpdatedUserId": "user-0"
    }
  ],
  "JsonTypes": [
    {
      "CustomTypeSchema": "Json",
      "Id": "945c4231-0dd1-4dc4-9699-5d89ede5a7dd",
      "DisplayName": "Response Json Type for Flow - Get Available Pet Services",
      "CreatedTime": "2020-07-16T10:59:44.719Z",
      "UpdatedTime": "2020-07-16T10:59:44.719Z"
    }
  ],
  "SystemIntentIds": {},
  "SystemVariableIds": {},
  "SystemNamedEntityIds": {}
}