{
  "Intents": [
    {
      "IntentType": "Regular",
      "SystemIntentTypes": [],
      "TriggerQueries": [
        "Buy items",
        "Buy online",
        "Buy product",
        "Purchase item",
        "Order product"
      ],
      "DialogId": "new_topic_343a0ee7009648be87df0f0e011ccda5_dbafebd526364487911b63a2a774389f",
      "IsTriggeringEnabled": true,
      "Id": "new_topic_343a0ee7009648be87df0f0e011ccda5_dbafebd526364487911b63a2a774389f",
      "DisplayName": "Lesson 3 - A topic with a conditions, variables and a pre-built entity",
      "Description": "Lesson 3 - This lesson will show you how you can create a simple topic with one conditional branch, variable, and entity.\n\nWhen you use entities in your topic, the bot can identify key information in what the user types and proactively fill in that information in your variables. For example, if the customer says \"I want to buy a red car,\" you don't need to ask them which color car, because the bot recognizes the Color entity in what they typed. The bot will then skip the question where you asked for color. \n\nYou can also use entities to recognize a specific list of options. In this lesson, we identify State as the entity, and the bot will recognize any US state the user types.",
      "CreatedTime": "2019-01-15T00:00:00",
      "UpdatedTime": "2020-07-05T07:23:36.9368923Z",
      "CreatedUserId": "user0",
      "UpdatedUserId": "ec437995-1730-4448-b4dc-b71c68783965"
    }
  ],
  "NamedEntities": [
    {
      "NamedEntityType": "Regular",
      "SystemNamedEntityTypes": [],
      "Id": "a55271b8-47fb-4a81-9030-15e4ec7a6132",
      "DisplayName": "Desktop Computer",
      "CreatedTime": "0001-01-01T00:00:00",
      "UpdatedTime": "2020-07-05T07:23:36.9368923Z",
      "UpdatedUserId": "ec437995-1730-4448-b4dc-b71c68783965"
    },
    {
      "NamedEntityType": "Regular",
      "SystemNamedEntityTypes": [],
      "Id": "31f5ecbd-a23a-451e-8e28-1b74d8a052e0",
      "DisplayName": "Laptop Computer",
      "CreatedTime": "0001-01-01T00:00:00",
      "UpdatedTime": "2020-07-05T07:23:36.9368923Z",
      "UpdatedUserId": "ec437995-1730-4448-b4dc-b71c68783965"
    },
    {
      "NamedEntityType": "Regular",
      "SystemNamedEntityTypes": [],
      "Id": "73d880d8-2568-45c8-ad62-8e0e472d52b9",
      "DisplayName": "Gaming Computer",
      "CreatedTime": "0001-01-01T00:00:00",
      "UpdatedTime": "2020-07-05T07:23:36.9368923Z",
      "UpdatedUserId": "ec437995-1730-4448-b4dc-b71c68783965"
    }
  ],
  "Dialogs": [
    {
      "RootNodeId": "fabcaff7-0ce9-4231-835c-60b1ee5b52a3",
      "DialogType": "Regular",
      "MessageNodes": [
        {
          "BotMessageId": "fd009a01-b453-46db-bb72-715bd8d2e6da",
          "NodeType": "BotMessageNode",
          "Id": "fabcaff7-0ce9-4231-835c-60b1ee5b52a3",
          "DefaultTargetNodeId": "9271a869-3735-4a21-9ce1-17ff112388a3"
        },
        {
          "BotMessageId": "e96a8505-2b81-4f5b-857d-79bb94659ea2",
          "NodeType": "BotMessageNode",
          "Id": "03c948a4-0aa0-4709-97cc-717cc49f3fd5",
          "DefaultTargetNodeId": "f07a8b8e-b905-4f9c-a7b7-6465fc2bff1f"
        },
        {
          "BotMessageId": "8aca5646-5710-4b95-9a2c-892ea0b3bbcd",
          "NodeType": "BotMessageNode",
          "Id": "1f5a1841-7988-4874-a32d-ed271cc46951",
          "DefaultTargetNodeId": "a54d580a-9c1d-432c-97a0-475345d16338"
        },
        {
          "BotMessageId": "6767717e-0922-439c-9162-d458721acf7d",
          "NodeType": "BotMessageNode",
          "Id": "76ea102a-d56a-4ac5-b5e1-f75702e3edaf",
          "DefaultTargetNodeId": "ff5f27b5-09c1-4c86-a335-6a684d188236"
        },
        {
          "BotMessageId": "e6588444-7711-419f-9d43-fdd91d3f4bf0",
          "NodeType": "BotMessageNode",
          "Id": "4c14e0fc-359c-49c4-a36a-f173bf2b1934",
          "DefaultTargetNodeId": "ff5f27b5-09c1-4c86-a335-6a684d188236"
        },
        {
          "BotMessageId": "ca8278d3-ad5a-4074-839f-0c54295e9aca",
          "NodeType": "BotMessageNode",
          "Id": "401a587a-fd7a-4a19-8ce9-b1825ce8f4a8",
          "DefaultTargetNodeId": "ff5f27b5-09c1-4c86-a335-6a684d188236"
        },
        {
          "BotMessageId": "81462346-7528-4678-85e7-3ca94034d54d",
          "NodeType": "BotMessageNode",
          "Id": "628e4deb-8e34-4794-a345-b3bcf1494a19",
          "DefaultTargetNodeId": "a54d580a-9c1d-432c-97a0-475345d16338"
        },
        {
          "BotMessageId": "2da1b0ca-33de-4436-90bf-b4fe734c0cae",
          "NodeType": "BotMessageNode",
          "Id": "ff5f27b5-09c1-4c86-a335-6a684d188236",
          "DefaultTargetNodeId": "628e4deb-8e34-4794-a345-b3bcf1494a19"
        }
      ],
      "DialogChangeNodes": [
        {
          "TargetDialogId": "new_topic_343a0ee7009648be87df0f0e011ccda5_aeabea4d071f415c8c107e1cb7af5424_assumedsuccess",
          "NodeType": "DialogChangeNode",
          "Id": "a54d580a-9c1d-432c-97a0-475345d16338"
        }
      ],
      "QuestionNodes": [
        {
          "ContextVariableId": "be4de53a-6341-4136-b485-07dd009a274a",
          "NodeType": "QuestionNode",
          "Id": "9271a869-3735-4a21-9ce1-17ff112388a3",
          "Routes": [
            {
              "Expression": "@equals(parameters('be4de53a-6341-4136-b485-07dd009a274a'), 'California')",
              "TargetNodeId": "2d411fa2-d129-4b4b-b097-546703c2450e"
            },
            {
              "Expression": "@equals(parameters('be4de53a-6341-4136-b485-07dd009a274a'), 'Washington')",
              "TargetNodeId": "2d411fa2-d129-4b4b-b097-546703c2450e"
            },
            {
              "Expression": "@equals(parameters('be4de53a-6341-4136-b485-07dd009a274a'), 'Oregon')",
              "TargetNodeId": "2d411fa2-d129-4b4b-b097-546703c2450e"
            }
          ],
          "DefaultTargetNodeId": "03c948a4-0aa0-4709-97cc-717cc49f3fd5"
        },
        {
          "ContextVariableId": "0b85592c-51e4-40c7-b375-88ac55bb5831",
          "NodeType": "QuestionNode",
          "Id": "2d411fa2-d129-4b4b-b097-546703c2450e",
          "Routes": [
            {
              "Expression": "@equals(parameters('0b85592c-51e4-40c7-b375-88ac55bb5831'), 'a55271b8-47fb-4a81-9030-15e4ec7a6132')",
              "TargetNodeId": "76ea102a-d56a-4ac5-b5e1-f75702e3edaf"
            },
            {
              "Expression": "@equals(parameters('0b85592c-51e4-40c7-b375-88ac55bb5831'), '31f5ecbd-a23a-451e-8e28-1b74d8a052e0')",
              "TargetNodeId": "4c14e0fc-359c-49c4-a36a-f173bf2b1934"
            },
            {
              "Expression": "@equals(parameters('0b85592c-51e4-40c7-b375-88ac55bb5831'), '73d880d8-2568-45c8-ad62-8e0e472d52b9')",
              "TargetNodeId": "401a587a-fd7a-4a19-8ce9-b1825ce8f4a8"
            }
          ],
          "DefaultTargetNodeId": "2d411fa2-d129-4b4b-b097-546703c2450e"
        },
        {
          "ContextVariableId": "dce8a841-fb3c-484d-827a-c9aa240b6e4e",
          "NodeType": "QuestionNode",
          "Id": "f07a8b8e-b905-4f9c-a7b7-6465fc2bff1f",
          "Routes": [
            {
              "Expression": "@equals(parameters('dce8a841-fb3c-484d-827a-c9aa240b6e4e'), true)",
              "TargetNodeId": "2d411fa2-d129-4b4b-b097-546703c2450e"
            }
          ],
          "DefaultTargetNodeId": "1f5a1841-7988-4874-a32d-ed271cc46951"
        }
      ],
      "Id": "new_topic_343a0ee7009648be87df0f0e011ccda5_dbafebd526364487911b63a2a774389f",
      "DisplayName": "Dialog for Buy item",
      "CreatedTime": "2019-01-15T00:00:00",
      "UpdatedTime": "2020-07-05T07:23:36.9368923Z",
      "CreatedUserId": "user0",
      "UpdatedUserId": "ec437995-1730-4448-b4dc-b71c68783965"
    }
  ],
  "BotMessages": [
    {
      "ChannelContent": {
        "web": {
          "ContentFormat": "Markdown",
          "Content": "I am happy to help you place your order."
        }
      },
      "Id": "fd009a01-b453-46db-bb72-715bd8d2e6da",
      "CreatedTime": "2019-01-15T00:00:00",
      "UpdatedTime": "2020-07-05T07:23:36.9368923Z",
      "CreatedUserId": "user0",
      "UpdatedUserId": "ec437995-1730-4448-b4dc-b71c68783965"
    },
    {
      "ChannelContent": {
        "web": {
          "ContentFormat": "Markdown",
          "Content": "To what state will you be shipping?"
        }
      },
      "Id": "74abca70-c02a-4cff-bd49-f0f2e29ee27c",
      "CreatedTime": "2019-01-15T00:00:00",
      "UpdatedTime": "2020-07-05T07:23:36.9368923Z",
      "CreatedUserId": "user0",
      "UpdatedUserId": "ec437995-1730-4448-b4dc-b71c68783965"
    },
    {
      "ChannelContent": {
        "web": {
          "ContentFormat": "Markdown",
          "Content": "There will be an additional shipping charge of $27.50."
        }
      },
      "Id": "e96a8505-2b81-4f5b-857d-79bb94659ea2",
      "CreatedTime": "2019-01-15T00:00:00",
      "UpdatedTime": "2020-07-05T07:23:36.9368923Z",
      "CreatedUserId": "user0",
      "UpdatedUserId": "ec437995-1730-4448-b4dc-b71c68783965"
    },
    {
      "ChannelContent": {
        "web": {
          "ContentFormat": "Markdown",
          "Content": "Thank you and please come again."
        }
      },
      "Id": "8aca5646-5710-4b95-9a2c-892ea0b3bbcd",
      "CreatedTime": "2019-10-20T20:02:02.561Z",
      "UpdatedTime": "2020-07-05T07:23:36.9368923Z",
      "CreatedUserId": "user0",
      "UpdatedUserId": "ec437995-1730-4448-b4dc-b71c68783965"
    },
    {
      "ChannelContent": {
        "web": {
          "ContentFormat": "Markdown",
          "Content": "Great choice for the desktop publisher!"
        }
      },
      "Id": "6767717e-0922-439c-9162-d458721acf7d",
      "CreatedTime": "2019-10-25T13:45:23.632Z",
      "UpdatedTime": "2020-07-05T07:23:36.9368923Z",
      "CreatedUserId": "user0",
      "UpdatedUserId": "ec437995-1730-4448-b4dc-b71c68783965"
    },
    {
      "ChannelContent": {
        "web": {
          "ContentFormat": "Markdown",
          "Content": "Great choice for the on-the-go road warrior!"
        }
      },
      "Id": "e6588444-7711-419f-9d43-fdd91d3f4bf0",
      "CreatedTime": "2019-10-25T13:46:01.261Z",
      "UpdatedTime": "2020-07-05T07:23:36.9368923Z",
      "CreatedUserId": "user0",
      "UpdatedUserId": "ec437995-1730-4448-b4dc-b71c68783965"
    },
    {
      "ChannelContent": {
        "web": {
          "ContentFormat": "Markdown",
          "Content": "Go get 'em tiger! Sudoku helps keep the mind active."
        }
      },
      "Id": "ca8278d3-ad5a-4074-839f-0c54295e9aca",
      "CreatedTime": "2019-10-25T13:46:25.848Z",
      "UpdatedTime": "2020-07-05T07:23:36.9368923Z",
      "CreatedUserId": "user0",
      "UpdatedUserId": "ec437995-1730-4448-b4dc-b71c68783965"
    },
    {
      "ChannelContent": {
        "web": {
          "ContentFormat": "Markdown",
          "Content": "What item are you interested in purchasing? We are focused on a few quality items."
        }
      },
      "Id": "cf74d0e7-0564-46ee-bd1e-db2db316bd49",
      "CreatedTime": "2019-10-25T13:43:54.933Z",
      "UpdatedTime": "2020-07-05T07:23:36.9368923Z",
      "CreatedUserId": "user0",
      "UpdatedUserId": "ec437995-1730-4448-b4dc-b71c68783965"
    },
    {
      "ChannelContent": {
        "web": {
          "ContentFormat": "Markdown",
          "Content": "To complete your order, please go to your cart.\n\nThank you!"
        }
      },
      "Id": "81462346-7528-4678-85e7-3ca94034d54d",
      "CreatedTime": "2019-10-25T13:47:49.945Z",
      "UpdatedTime": "2020-07-05T07:23:36.9368923Z",
      "CreatedUserId": "user0",
      "UpdatedUserId": "ec437995-1730-4448-b4dc-b71c68783965"
    },
    {
      "ChannelContent": {
        "web": {
          "ContentFormat": "Markdown",
          "Content": "I am adding {0b85592c-51e4-40c7-b375-88ac55bb5831} to your cart."
        }
      },
      "Id": "2da1b0ca-33de-4436-90bf-b4fe734c0cae",
      "CreatedTime": "2019-10-25T13:51:34.951Z",
      "UpdatedTime": "2020-07-05T07:23:36.9368923Z",
      "CreatedUserId": "user0",
      "UpdatedUserId": "ec437995-1730-4448-b4dc-b71c68783965"
    },
    {
      "ChannelContent": {
        "web": {
          "ContentFormat": "Markdown",
          "Content": "Is that acceptable?"
        }
      },
      "Id": "c19fdd1d-8163-4473-886d-c6f49d55fc88",
      "CreatedTime": "2019-11-01T03:55:51.486Z",
      "UpdatedTime": "2020-07-05T07:23:36.9368923Z",
      "CreatedUserId": "user0",
      "UpdatedUserId": "ec437995-1730-4448-b4dc-b71c68783965"
    }
  ],
  "ContextVariables": [
    {
      "ContextVariableType": "Regular",
      "SystemVariableTypes": [],
      "SystemType": "State",
      "InitializerType": "UserQuestion",
      "Scope": "Dialog",
      "GreedySlotFillingEnabled": true,
      "IsInput": false,
      "ExternalInitializationAllowed": false,
      "Messages": {
        "GetValue": [
          "74abca70-c02a-4cff-bd49-f0f2e29ee27c"
        ]
      },
      "IsGlobal": false,
      "Id": "be4de53a-6341-4136-b485-07dd009a274a",
      "DisplayName": "pva_State",
      "CreatedTime": "2019-01-15T00:00:00",
      "UpdatedTime": "2020-07-05T07:23:36.9368923Z",
      "CreatedUserId": "user0",
      "UpdatedUserId": "ec437995-1730-4448-b4dc-b71c68783965"
    },
    {
      "ContextVariableType": "Regular",
      "SystemVariableTypes": [],
      "SystemType": "String",
      "InitializerType": "UserQuestion",
      "Scope": "Dialog",
      "GreedySlotFillingEnabled": false,
      "IsInput": false,
      "ExternalInitializationAllowed": false,
      "NamedEntityOptions": [
        "a55271b8-47fb-4a81-9030-15e4ec7a6132",
        "31f5ecbd-a23a-451e-8e28-1b74d8a052e0",
        "73d880d8-2568-45c8-ad62-8e0e472d52b9"
      ],
      "Messages": {
        "GetValue": [
          "cf74d0e7-0564-46ee-bd1e-db2db316bd49"
        ]
      },
      "IsGlobal": false,
      "Id": "0b85592c-51e4-40c7-b375-88ac55bb5831",
      "DisplayName": "pva_Item",
      "CreatedTime": "2019-10-25T13:43:54.933Z",
      "UpdatedTime": "2020-07-05T07:23:36.9368923Z",
      "CreatedUserId": "user0",
      "UpdatedUserId": "ec437995-1730-4448-b4dc-b71c68783965"
    },
    {
      "ContextVariableType": "Regular",
      "SystemVariableTypes": [],
      "SystemType": "Boolean",
      "InitializerType": "UserQuestion",
      "Scope": "Dialog",
      "GreedySlotFillingEnabled": true,
      "IsInput": false,
      "ExternalInitializationAllowed": false,
      "Messages": {
        "GetValue": [
          "c19fdd1d-8163-4473-886d-c6f49d55fc88"
        ]
      },
      "IsGlobal": false,
      "Id": "dce8a841-fb3c-484d-827a-c9aa240b6e4e",
      "DisplayName": "pva_OKShippingRate",
      "CreatedTime": "2019-11-01T03:55:51.486Z",
      "UpdatedTime": "2020-07-05T07:23:36.9368923Z",
      "CreatedUserId": "user0",
      "UpdatedUserId": "ec437995-1730-4448-b4dc-b71c68783965"
    }
  ],
  "SystemIntentIds": {},
  "SystemVariableIds": {},
  "SystemNamedEntityIds": {}
}